user_id,fork_count
145,47
517,2
627,3
1047,331
1595,1
1760,5
2843,1
3087,3
3253,17
3723,14
3837,2
3954,1
4177,1
4264,33
4517,4
4663,3
4696,7
4723,1
4782,2
4800,3
4808,1772
4915,5
5117,28
5130,2
5286,99
5331,1
5344,2
5724,2
6121,1
6198,2
6284,2
6885,1
7161,2477
7221,20
7244,36
7291,3
8645,14
8797,1
8961,2
9270,287
9699,11
10334,8
10430,1
10680,3
10685,1
10770,79
11054,814
11333,12
11425,3
11683,1
12191,56
12194,12
12205,9
12850,17
12932,7
13487,3
13797,58
13837,1
14050,60
14388,56
14750,7
15039,21
15885,1
16063,16
16286,12
16497,1
17189,5
17568,6
17865,45
18025,6
18075,2
18156,4
18407,1
18448,1
18508,6
18701,10
18854,2
18862,4
19122,43
19138,4
19148,3
19390,6
19490,1
19530,38
19565,3
19747,1
20138,9
20178,7
20264,38
20496,2
20694,1
21318,5
21897,1
22284,2
22661,3
23101,4
23309,30
23349,363
23446,37
23669,18
24184,1
24764,1
25615,9
25635,2
25677,2
26836,6
27294,4
28119,5
28121,6
28126,1
28241,3
28656,1
29431,7
29538,175
29641,3
30067,3
30188,4
31073,3
31359,2
32442,1
32762,1
32796,10
33002,24
33174,2
33176,27
33287,1
33388,2
33637,1
33761,2
33935,75
34254,1
34499,6
34790,1
34923,3
35032,3
35217,2
35247,1
35343,1
35586,3
35587,4
35592,2
35638,2
35641,1
35762,1
36146,2
36701,8
36705,1
36998,14
38728,2
39030,152
39233,22
39298,1
39994,2
40673,3
40833,6
40980,4
41209,2
41631,8
41887,1
42351,2
42358,12
42379,1
42425,3
42438,1
42446,1
42522,2
42632,5
42970,3
43432,5
43477,1
43617,6
44128,1
44535,6
44681,1
44759,7
44801,9
44805,8
44945,2
45002,3
45160,1
45270,1
45461,141
45941,2
46214,1
46589,1
46598,2
46894,1
47609,4
47615,8
48636,9
49230,1
49379,17
49390,1
49733,1
49755,211
49963,1
51367,18
51583,1
53150,2
53159,4
53287,1
54099,2
54178,3
54436,2
54443,1
54465,2
54943,1
55004,17
55233,2
55245,2
55388,15
56476,14
57477,392
58306,4
59391,1
59814,6
60116,1
60361,2
60616,1
60989,82
61225,1
61720,4
61780,6
62224,35
62305,1
62351,1
62367,13
62778,1
62974,5
63108,1
63367,1
63658,2
63672,8
63781,14
63881,30
63889,3
64446,19
64827,14
64850,1
65107,1
65110,4
65345,1
65720,1
66178,1
66468,18
66777,2
66866,6
67122,3
67259,23
67286,4
67666,21
68125,340
68878,1
69230,1
69244,17
69246,7
69366,1
70345,1
70613,3
70617,21
70681,3
70682,2
70754,1
70774,1
71198,4
71531,1
72549,1
72808,1
73340,2
73414,4
73493,2
73495,3
74009,1
74212,4
74404,1
74630,15
74905,3
74923,6
75173,28
75387,13
75432,33
76100,455
76456,1
76530,2
76570,1
76876,1
77631,1
80369,1
80909,1
81051,11
81714,1
82564,2
82633,1
83240,2
83463,2
83745,1
84450,3
85827,1
85882,1
86100,1
86186,12
86227,1
86425,8
86462,5
86851,1
87106,1
87279,1
87580,3
88332,81
88476,12
88512,3
88891,3
89738,1
89937,3
90379,2
90383,7
90402,16
91679,2
91683,1
91837,2
92525,29
92546,1
92852,1
92898,3
94282,4
96159,1
96160,1
96223,1
96275,1
96358,4
96440,4
97081,3
97708,7
97924,49
97928,2
97938,3
97945,3
98017,2
98130,2
98196,17
98766,1
98884,1
99230,5
100531,2
100787,33
100985,47
101844,1
101998,3
102138,4
103196,1
103203,4
103249,1
103310,3
103343,4
103387,13
103403,1
103751,13
104102,5
104189,5
104237,4
104367,247
104763,3
105052,2
105054,2
105171,39
105180,5
105546,1
106373,2
106592,1
106596,5
106689,1
106846,2
107138,1
107189,13
107239,5
107256,5
107358,1
107794,1
107937,8
107941,3
107991,2
108078,2
108267,1
108778,12
109236,1
109335,4
109456,1
109612,2
109697,1
110232,2
110547,4
110749,1
111557,22
112045,4
112412,2
112909,2
113549,1
113552,4
113617,3
113671,2
114312,1
114916,14
115372,2
116681,3
117946,1
118161,28
119060,8
119549,6
120412,7
120826,1
121569,1
121849,4
121878,2
122530,1
122540,1
123052,1
123068,1
123076,1
123099,8
123178,3
123222,1
123482,1
124648,2
125172,2
125466,43
125541,1
125628,11
125755,1
126528,1
126671,2
126911,1
127018,2
127385,1
127784,5
128409,4
128667,3
129746,3
130414,2
131067,2
131115,4
131223,1
131314,11
131320,9
131332,2
131548,13
131650,2
131892,1
131949,15
132528,19
133020,146
133039,3
133142,4
133528,1
133542,1
133633,1
133652,1
133702,4
133827,2
134048,1
134086,4
134212,2
135817,1
136030,9
136036,1
136252,5
136916,1
137635,1
137738,2
137784,1
137790,7
137906,1
137979,1030
137982,4
138090,1
138202,6
138454,7
138555,6
139024,4
139175,3
139438,4
139440,9
139486,2
139506,3
139543,17
139901,10
140399,3
142249,5
142628,1
142774,1
142868,9
142948,1
143060,3
143176,1
144279,7
144566,2
145128,7
145357,2
145431,2
145718,9
146168,8
146310,2
146380,10
146540,51
146761,1
146763,7
147891,8
148057,1
148445,1
149172,4
149356,3
149554,23
149650,16
150726,1
151025,17
151208,2
151435,72
151514,3
151584,1
152229,9
152237,2
152379,4
153094,1
154879,1
154993,1
155078,3
155901,1
156015,3
156048,2
156902,1
157130,1
158008,1
158087,1
159514,3
160380,5
161243,2
161546,35
161707,2
162038,1
162642,8
162837,2
163635,1
163860,2
164152,2
165265,8
165815,4
166041,2
166891,1
167173,2
167962,2
168273,10
168346,1
168456,1
168838,1
170205,2
170812,4
171130,1
171174,3
171757,2
172973,3
174260,7
175545,4
175548,3
175664,6
177099,4
177101,4
177328,1
177845,5
179358,1
179555,2
180230,1
180795,3
180936,8
181514,1
183393,1
184193,3
184364,1
184365,1
184633,6
184992,1
186974,1
187280,2
187390,6
189255,2
190474,1
191692,1
191704,18
191706,2
191707,2
191722,3
191723,2
191889,1
192229,2
194208,2
194251,7
194252,4
194253,1
195732,11
196298,2
198505,1
198863,3
198983,1
198991,2
199516,1
199645,1
200050,10
200069,2
200761,12
201052,2
201087,1
202147,5
203659,1
203987,30
204315,3
204425,1
204491,21
204498,2
204911,7
205001,16
205132,1
205394,1
206282,1
206943,2
207213,15
207516,83
207936,3
208351,4
208666,1
209625,12
209700,4
210124,1
210574,2
210862,88
210874,1
211238,1
212365,1
213033,1
213113,3
213324,14
213807,2
214040,2
214318,6
214635,5
215722,24
218039,1
218387,4
218451,3
219111,2
219769,37
219872,3
220074,1
222066,7
222261,1
226860,11
227157,6
227782,1
228105,4
230554,1
231027,12
231294,4
232237,8
232900,7
233083,1
233468,1
234224,1
234681,1
236625,39
236898,15
237286,2
238328,5
238805,1
238863,1
238985,1
239051,3
240227,1
240858,9
241346,158
242593,1
242697,5
243344,3
244614,1
245342,1
245343,2
245344,1
245648,2
245790,1
246098,3
246985,1
247171,1
248042,2
248324,2
248654,10
249311,9
249931,7
251852,392
252780,1
253080,4
253370,1
253806,29
253951,13
253954,1
253986,2
254740,1
255156,4
256317,1
256337,1
256343,1
256353,8
256356,3
256372,1
256420,2
256650,1
257942,1
258638,2
259025,10
259026,4
259819,1
260027,4
260575,3
261297,15
261381,1
262222,6
262225,2
262423,1
262948,4
264149,1
264211,11
264403,43
264421,1
264485,1
264828,3
264922,2
265171,7
265438,56
265498,1
265738,1
265810,1
266169,5
266787,1
267066,37
267245,1
267934,14
267994,1
268166,1
268357,4
268607,1
268786,5
269335,1
269552,12
269702,1
270431,2
270646,3
271901,4
271909,13
271970,1
273183,2
274645,112
274885,1
275016,4
275149,22
275200,1
275357,6
275445,1
276466,41
277818,1
277845,7
278892,14
279415,2
279588,2
280289,1
280499,1
280575,2
280599,2
281356,1
283002,1
283089,3
283113,6
283207,1
283484,9
283796,7
285860,1
285864,2
286776,1
286791,8
287909,24
287983,1
288766,3
289641,1
289642,1
289983,1
290212,4
291542,1
292105,226
293219,2
294778,2
295252,9
296255,2
297448,2
297582,1
299053,1
299207,2
299299,1
299304,1
299474,1
299551,2
299879,1
299881,3
300050,2
300680,1
301021,2
302191,1
302772,7
303075,1
303561,54
303574,2
303813,1
304225,1
304233,8
304462,3
304728,2
304879,27
304924,2
305332,1
305706,12
305795,7
306085,1
307374,26
307496,41
307564,1
307839,1
308080,11
308206,1
308458,2
308483,2
308588,2
309927,1
310839,1
311337,10
311920,2
312648,4
313249,19
313257,7
313983,4
314722,11
315494,1
315968,2
316593,1
316620,7
318770,1
319550,1
319553,1
321217,1
321782,4
322188,1
322916,84
323844,1
324239,1
324403,1
324765,1
325155,4
325261,1
325598,28
325983,8
326169,1
326377,6
326399,13
326795,3
328493,3
329419,1
329724,3
331121,5
331991,4
332116,2
332393,1
332642,1
333570,5
333640,1
333794,2
334585,1
334934,1
337109,1
337118,1
338319,7
338399,47
338720,15
339379,77
341506,31
341864,7
341925,4
342153,8
342304,1
342954,12
343190,5
343201,1
343236,48
343301,1
343306,2
343342,6
343764,1
344042,1
344141,1
344459,1
344637,1
345169,1
345318,4
345390,1
347940,1
348429,1
350212,1
350216,1
350830,59
351533,2
352025,4
352385,3
352519,20
353308,1
354658,9
354668,1
355856,1
355867,1
357514,1
358036,3
358300,1
358334,1
358412,9
358482,1
358781,5
358879,1
359185,2
359196,2
359811,5
360831,1
361045,1
361459,1
361625,10
361680,1
361885,17
361886,1
361938,2
362603,3
362763,1
363197,1
365106,2
365257,30
366089,5
367517,2
368336,3
368631,3
368681,2
368753,2
369004,4
370738,1
371959,1
372740,1
372749,11
373911,1
374475,1
374958,1
375748,2
377535,2
377966,1
378352,3
378362,1
378371,1
378705,1
379071,1
379169,2
379251,8
379340,1
379718,3
379834,10
380072,1
380111,1
380238,1
380779,4
381419,2
381501,1
381512,3
382818,5
383087,6
383731,1
383863,3
385828,1
385831,2
387000,12
387034,2
387463,7
388765,5
389163,2
391416,3
391609,1
392561,1
392743,1
393436,1
394360,15
394864,2
395176,1
395720,2
396333,1
397532,47
397942,2
398168,1
398174,1
398224,4
398402,7
398754,15
399074,1
399455,7
399850,1
400175,31
400573,1
400721,64
400804,2
400818,3
400894,3
401676,1
401859,1
402389,1
402770,5
403787,2
404397,48
405034,1
405388,6
405698,2
406801,2
406887,1
407285,1
407392,7
409473,1
410698,1
411938,415
412727,1
413596,3
413657,1
416329,1
416479,1
416926,8
416928,4
416929,27
416942,13
417981,4
420136,1
420169,2
420277,1
420906,944
421929,2
422434,3
422571,2
422652,3
422847,6
425046,1
425487,1
425525,3
425784,4
425871,1
427276,1
427448,14
427458,1
427475,1
428798,1
429490,7
429757,2
430207,3
430386,2
431160,1
431654,2
432631,32
432717,1
433831,2
434374,1
435576,1
436900,30
437496,1
437932,8
438142,10
438262,1
438839,4
438989,1
439164,1
439389,7
439427,1
439689,2
439765,3
440480,1
440623,53
440701,1
441777,4
443123,2
443282,1
443518,16
443745,17
443772,2
444191,6
444512,1
451339,1
452581,17
454094,4
454728,1
455243,12
455647,1
456992,3
457209,3
460467,6
460909,12
462949,28
464756,2
465704,1
467948,3
468876,1
469000,5
469057,2
469315,1
469426,6
470275,1
471048,2
471297,1
471827,1
471887,3
472148,2
472293,2
472983,2
474375,1
474509,8
474707,1
474821,10
478956,5
480201,11
480364,1
481215,8
481576,1
481823,4
483444,1
483694,2
484246,1
484552,7
487019,6
490012,1
491196,3
491434,1
491602,1
491787,4
491828,3
492392,2
492850,4
493228,6
493752,10
493954,1
495486,3
495492,1
497457,2
500736,1
500958,1
501084,1
503379,1
503652,2
503905,2
508005,17
508394,2
508556,5
510746,1
511157,4
511276,1
511405,1
511975,1
512051,1
512674,22
514119,2
516434,11
520905,18
522048,7
523216,1
523230,1
524284,2
524876,1
525530,1
526938,20
528667,1
528694,2
528920,1
529327,1
529358,7
531035,3
531123,1
531576,1
532060,3
532451,1
535306,1
535564,1
536769,115
536876,1
536958,1
538078,7
538213,6
539452,7
539905,1
540203,1
540236,10
540690,1
541477,1
541484,12
544928,1
544990,2
545237,2
545999,1
547059,1
547605,3
547791,1
548035,2
548435,10
548705,1
548706,2
548713,5
549958,3
550031,1
550048,2
553143,15
553783,1
553798,2
555657,1
555741,1
557006,11
560111,5
560358,127
560721,2
560840,2
562466,1
562618,96
562950,53
562969,1
563309,1
563980,35
564280,1
564865,1
565237,23
565501,1
566251,2
566817,2
571210,2
572150,10
572719,1
572969,1
573064,2
573382,1
573769,12
579557,1
579672,1
580555,5
581498,1
582161,1
582397,1
582779,2
583712,1
584562,2
584675,2
585343,1
585369,2
585772,9
585837,16
585849,4
586142,3
586311,1
586806,1
588571,2
589769,2
589950,3
590075,7
590190,1
591547,1
592758,2
593202,18
594528,1
595352,3
595959,9
597705,1
598272,1
598945,4
601151,3
601885,11
602750,1
605554,4
606366,4
609982,1
610188,20
610501,16
610791,2
610833,3
611775,1
611926,2
612447,1
612981,1
613164,39
613811,2
614542,2
615671,1
617983,3
618595,1
621977,3
622074,4
622644,7
623846,13
625121,1
626545,1
626816,6
630098,1
632201,12
632738,6
633384,1
634119,3
637447,4
637862,2
638657,1
639972,1
640210,2
640301,1
640660,1
642697,1
643319,2
644868,1
645112,1
645337,1
645433,1
645592,5
648788,13
649037,2
651202,7
653297,8
653824,1
653891,1
654006,1
655322,4
655607,27
656757,2
658604,13
661717,1
663449,6
664290,1
664548,1
664630,1
666556,1
666563,1
666966,4
667382,10
667877,14
669388,1
670172,1
670467,66
670834,1
671533,1
672401,5
673081,25
673180,1
673182,4
673598,2
676135,1
676230,4
676531,1
676852,1
677055,283
677632,2
679694,6
680308,4
681538,1
683220,9
685096,9
685500,17
686007,2
687575,38
689082,11
690053,3
690875,1
691495,1
691616,1
692458,2
693227,2
694380,81
694497,597
696690,1
698913,30
700285,1
700580,1
700736,1
701208,6
704595,1
705060,1
705062,2
705835,10
706813,1
708124,3
708438,1
708991,3
709391,2
709886,1
709986,15
710553,2
712265,1
712873,2
713927,1
714234,26
714817,3
715881,1
716769,1
716887,2
718961,14
719789,2
720009,6
720040,5
720149,1
721021,1
722250,2
722297,1
723993,1
725272,1
726563,1
727243,12
727496,1
727799,10
728209,4
728462,13
730105,1
730276,1
730293,3
733508,13
734085,2
736295,1
738697,3
739506,6
741099,1
741587,1
742374,2
742562,3
743084,1
747209,6
747490,1
747564,1
748342,1
748370,1
748695,1
749431,2
754710,1
755581,1
756617,2
757492,1
763339,2
763788,15
765696,1
770713,2
771351,4
772608,1
773098,1
775686,1
775718,4
776085,1
778945,1
780202,1
781242,13
781604,16
781856,1
785324,4
786702,1
787702,2
788632,1
790817,10
792696,1
793960,3
794550,2
797465,49
798823,1
798966,2
799223,14
800917,6
801848,25
802547,1
803067,32
804523,2
804762,1
807270,5
808321,1
811431,2
811866,3
817192,1
817358,2
817866,7
817972,13
818489,5
818494,6
819374,33
819535,4
820796,2
821674,6
822455,3
827474,11
828013,4
828525,20
828891,1
831391,1
832178,1
834172,1
834825,1
834883,1
836295,1
839335,1
840133,5
840994,1
841851,16
842514,1
843706,1
844410,1
844423,9
845140,1
845310,1
845627,1
845680,1
847324,1
848351,1
848993,4
848997,7
849249,13
850057,9
853112,1
855207,7
855302,4
855642,1
855789,2
859296,1
859501,3
862896,2
863050,1
863413,1
865034,1
865661,4
865883,91
865978,14
866047,1
868352,2
868654,4
868932,3
868955,1
869430,3
869733,1
870875,11
871274,2
871420,1
871532,21
872216,2
872846,1
873767,2
880940,1
882499,1
884347,1
884479,1
884632,4
884703,1
885005,1
885689,1
885695,1
886904,1
887383,27
887887,1
888844,1
889876,1
890156,1
890612,1
892399,2
894201,2
895845,2
896648,49
897370,4
898557,57
898642,1
899311,1
899332,2
899640,5
900300,1
901805,3
902481,12
906651,1
908023,8
908210,2
908554,1
911121,1
912289,18
912958,1
913108,3
913731,1
914511,1
914654,1
914940,1
915913,3
915979,1
916369,21
918221,17
921392,3
921943,10
922462,16
922910,4
925210,1
925830,1
925854,2
925882,1
926889,11
927526,1
929041,1
929137,1
930015,4
930584,1
930650,6
931066,1
931202,1
931902,1
932014,2
932410,1
932685,1
932772,1
932834,2
933472,2
933553,11
933851,2
933885,1
934039,12
935642,8
935907,1
936926,1
937140,1
937678,1
938098,1
942738,2
945047,1
946541,3
946674,6
948435,1
948963,1
949681,4
950166,1
951012,9
952831,2
953646,10
954064,1
954283,1
954285,1
955543,4
957164,24
958374,21
958900,4
960049,1
960856,1
962193,6
963675,3
963779,1
965153,42
967353,2
968022,1
968877,1
969055,1
971373,2
971899,1
972986,1
973263,3
975480,4
975483,1
975666,4
976976,2
976977,1
978247,6
978875,3
981345,1
981385,7
982512,1
983003,3
983757,2
984185,1
984715,1
985029,1
986913,4
989909,1
990094,1
992850,5
993012,1
996126,1
996356,1
1000638,2
1000770,4
1000960,6
1002555,1
1003891,2
1006738,1
1007136,1
1010098,1
1010136,10
1011694,1
1012232,8
1017960,3
1020301,1
1026182,1
1027028,17
1029963,1
1031314,95
1033500,2
1033694,11
1035251,3
1039886,9
1040119,9
1041835,1
1042095,1
1042108,11
1042440,1
1044946,44
1045384,4
1046521,1
1047955,30
1048076,1
1049353,2
1050537,2
1050905,3
1056172,2
1057050,2
1057260,1
1060071,122
1062780,9
1063344,2
1064720,2
1066610,4
1066700,1
1067896,24
1068292,1
1071598,1
1071964,6
1077191,1
1079796,3
1080889,1
1082758,4
1082862,3
1083219,2
1083737,1
1084514,3
1085957,3
1086978,1
1087437,22
1089223,2
1089312,29
1089592,2
1092176,9
1093476,1
1095070,2
1095254,1
1096960,1
1097143,1
1097781,11
1099360,1
1104564,1
1106476,6
1107954,7
1108219,1
1108793,4
1109330,2
1109337,8
1112380,1
1112956,2
1115196,3
1117470,1
1118072,1
1118518,38
1118688,1
1118698,6
1119510,5
1119603,3
1122197,1
1123155,10
1123636,144
1126396,1
1126721,1
1127223,13
1130566,2
1132215,6
1134699,9
1135434,1
1139253,1
1139869,2
1140690,1
1141199,1
1141394,5
1141418,7
1142254,3
1145384,8
1146256,1
1147067,2
1147301,2
1147313,1
1147463,1
1147944,1
1148083,1
1148505,1
1148749,14
1151598,2
1152184,21
1153475,2
1153893,1
1154034,2
1155667,4
1156174,3
1157074,1
1158685,1
1163901,1
1165005,49
1165446,1
1165452,1
1168108,3
1169083,4
1173373,3
1174008,7
1174347,2
1174447,1
1175514,1
1175831,1
1177088,1
1177102,1
1178469,1
1178757,18
1180405,182
1180787,3
1181488,8
1181561,2
1182432,15
1183489,4
1183774,1
1183832,3
1184478,14
1185758,2
1186930,2
1187127,2
1187187,3
1187223,2
1188065,2
1189294,2
1194277,7
1194279,1
1197366,1
1197493,1
1197709,3
1198355,1
1198679,37
1198936,2
1199801,4
1200078,1
1200806,1
1200952,3
1201631,1
1202088,3
1204612,3
1207305,2
1208141,10
1209674,8
1209881,2
1211797,2
1212713,4
1212869,3
1213097,2
1215717,17
1217332,2
1219961,1
1222790,1
1224069,11
1224453,1
1225339,1
1225754,14
1226157,1
1227072,5
1229244,7
1229263,1
1229860,1
1231844,1
1232055,4
1239978,1
1240593,1
1240741,2
1241397,1
1244793,1
1244914,7
1245260,1
1245407,26
1245480,1
1245835,3
1251168,6
1252529,1
1253068,1
1253603,1
1253715,1
1253803,1
1253991,1
1254555,51
1254762,1
1254811,11
1254990,4
1254995,1
1257932,3
1258073,1
1258944,2
1263717,4
1264805,159
1264928,1
1265922,2
1265988,1
1268559,1
1268674,1
1269242,7
1270118,2
1270302,4
1272185,1
1272290,1
1272649,2
1272971,2
1273023,1
1274440,196
1274604,2
1274900,1
1275201,1
1275380,14
1275615,2
1279976,1
1281023,36
1282009,1
1282620,1
1282953,1
1283579,1
1283705,1
1284823,2
1285345,2
1286104,1
1289233,3
1289425,1
1289843,3
1292676,1
1293294,1
1297213,1
1297626,2
1298184,1
1299230,4
1308130,3
1308235,10
1308381,1
1308387,11
1310483,1
1310798,6
1311032,6
1312744,1
1313117,1
1313632,1
1313753,5
1317068,1
1318079,1
1318760,8
1321250,23
1321935,1
1323771,1
1326895,1
1328692,2
1329671,2
1330872,5
1331633,1
1334002,1
1336948,3
1337452,1
1337658,20
1342532,4
1343750,3
1343926,1
1345794,6
1346795,3
1347219,1
1350141,1
1352290,4
1352987,1
1353751,1
1355872,2
1356125,5
1356935,5
1360930,3
1362848,2
1363427,2
1363643,1
1363841,1
1364262,1
1366222,6
1366889,10
1367163,1
1368036,2
1368765,2
1370202,1
1370573,2
1371775,1
1374081,3
1375252,1
1375329,1
1375736,1
1376776,1
1376928,1
1377117,1
1379805,2
1379808,1
1380114,1
1380521,2
1380703,2
1380948,1
1381039,9
1381864,1
1383334,15
1383405,2
1384401,1
1384475,21
1384649,5
1384812,1
1386818,48
1388001,1
1388255,10
1388290,2
1389172,1
1389249,1
1389541,25
1389706,9
1389790,2
1390696,1
1391222,3
1391730,73
1393049,46
1393096,4
1394050,3
1395138,12
1396076,1
1397715,21
1398021,1
1398250,1
1398421,3
1398942,1
1399046,2
1399567,1
1399802,1
1399806,2
1400008,3
1400101,6
1402626,1
1402681,3
1405426,1
1408064,2
1409974,3
1412055,22
1412301,1
1412878,2
1413881,2
1413940,1
1414593,1
1414882,2
1415414,4
1417973,3
1419062,1
1421238,1
1422019,1
1422379,1
1425520,1
1426110,1
1426867,10
1427405,7
1428098,1
1428362,1
1429912,3
1430864,1
1432729,1
1433553,1
1436395,1
1439013,2
1440107,2
1442635,3
1442869,1
1448163,1
1448652,1
1448909,2
1449772,10
1450068,1
1452820,1
1453459,14
1458181,14
1458441,1
1460372,1
1460537,3
1462219,3
1463194,18
1464578,4
1464994,7
1465140,5
1465375,1
1466799,21
1467192,16
1469468,6
1469928,1
1471378,1
1472506,2
1472669,2
1473305,2
1473979,6
1474230,2
1476623,3
1479126,1
1483234,1
1484220,3
1485085,3
1485902,2
1487457,1
1488593,1
1489669,1
1494817,5
1494889,1
1495791,1
1495914,3
1496743,3
1497972,1
1498318,8
1498616,4
1500833,1
1504282,1
1506927,2
1509087,7
1511449,2
1526195,229
1526898,1
1527537,1
1529216,4
1529441,1
1533798,1
1534003,13
1534839,1
1535209,1
1536147,1
1537219,1
1537423,9
1541830,1
1541857,3
1543447,1
1543608,6
1544426,4
1544494,4
1545286,5
1547621,3
1553208,1
1553462,1
1554070,5
1555488,3
1555538,1
1555848,1
1556048,1
1556146,8
1556528,3
1556896,5
1558094,1
1558720,1
1560633,1
1561228,1
1561559,11
1561676,4
1561696,1
1561778,10
1562086,1
1563714,2
1565592,2
1566414,2
1566528,3
1571228,1
1572180,16
1577037,1
1577425,3
1577640,1
1580145,1
1587958,1
1590923,1
1592217,1
1593090,9
1594249,1
1595235,2
1595472,1
1595485,1
1596783,21
1597588,2
1598881,8
1599140,8
1600986,2
1601321,1
1601323,5
1602469,2
1602696,1
1602740,1
1603010,2
1603227,1
1603885,1
1604725,1
1609543,5
1612870,1
1615423,1
1617980,5
1620734,3
1622590,4
1624820,2
1625048,1
1626142,11
1628321,1
1632001,1
1634011,2
1637008,1
1639427,5
1640584,2
1640594,1
1643417,9
1644807,1
1645928,1
1646121,1
1650192,1
1652761,2
1653126,1
1653376,1
1654066,1
1655750,2
1655806,1
1656934,1
1658084,1
1659205,14
1659476,1
1659514,5
1660126,1
1661766,1
1662079,1
1665670,18
1666189,1
1667005,1
1667106,1
1667213,1
1667764,3
1669641,1
1671289,4
1671946,1
1672149,2
1672586,3
1674938,2
1674965,33
1675078,1
1676220,1
1680220,3
1682360,13
1682448,2
1682792,7
1682887,1
1685011,27
1685270,1
1685321,2
1685351,2
1685516,1
1685592,1
1687221,1
1687493,6
1687734,1
1695685,3
1695937,2
1696105,1
1696393,5
1698520,1
1698779,2
1698790,1
1699899,38
1699944,1
1701127,28
1702670,18
1709986,5
1712418,2
1714002,1
1714209,1
1714262,2
1716651,5
1718001,1
1719127,5
1721350,2
1727538,4
1728868,1
1729407,7
1731315,37
1731731,1
1737240,3
1737403,1
1740482,1
1745064,3
1746822,3
1746841,7
1749870,1
1751672,2
1753226,1
1754602,1
1756338,1
1756687,8
1756912,1
1757059,2
1759023,102
1759382,1
1759435,3
1759721,5
1761196,57
1765675,2
1766880,2
1767317,3
1767831,1
1767979,1
1772353,1
1777443,1
1777754,1
1777835,4
1777996,2
1779519,2
1780042,1
1780276,2
1783171,1
1783339,2
1784635,1
1785898,19
1794705,4
1796316,1
1797311,2
1797607,5
1799561,2
1802396,1
1802522,1
1802523,2
1803268,10
1803381,1
1804887,1
1807487,2
1807961,28
1810006,14
1810598,1
1811094,1
1811183,1
1816382,3
1817119,8
1817129,1
1819102,1
1820015,15
1820619,2
1822056,1
1826549,4
1827472,1
1828428,1
1830040,3
1830112,3
1835526,2
1835550,3
1835686,7
1839291,1
1840493,1
1840510,1
1842136,1
1846710,2
1846819,1
1848315,87
1849740,3
1852659,1
1853742,1
1853901,782
1857338,2
1858627,1
1858698,6
1859068,1
1862055,2
1862272,22
1863746,7
1866682,6
1868090,6
1868931,2
1870900,1
1871092,16
1873850,4
1874189,1
1874693,2
1875650,9
1878584,1
1879243,1
1881525,5
1882078,1
1883026,2
1884585,18
1885424,3
1889618,4
1891645,3
1894790,2
1895415,10
1895750,1
1899898,2
1900194,2
1901382,5
1902689,1
1905921,1
1906885,7
1907729,1
1909134,2
1911966,1
1916620,1
1917940,3
1923159,7
1925304,6
1925870,1
1927064,1
1938815,30
1940216,4
1940634,3
1945120,4
1947272,2
1948600,53
1948910,12
1953115,1
1954037,1
1954783,1
1956339,7
1958415,42
1959313,2
1961949,1
1967694,2
1968830,6
1970954,4
1973429,6
1974841,1
1977070,1
1978398,1
1978801,5
1978957,3
1978960,9
1983836,1
1989139,1
1989227,2
1990516,1
1991319,1
1994264,7
1998393,2
2000724,3
2000728,1
2001027,1
2002583,1
2003823,1
2004050,6
2004460,16
2005715,3
2006533,3
2006613,3
2007099,1
2010066,3
2012282,3
2013091,1
2016509,4
2016869,3
2018025,3
2020856,2
2021170,8
2021645,58
2023558,10
2025198,1
2026972,9
2027017,1
2029201,3
2030440,1
2034659,1
2035568,10
2036207,1
2038133,1
2039012,4
2039593,3
2039849,1
2041048,1
2041926,42
2048257,1
2048272,2
2048830,1
2050706,4
2059419,1
2059993,1
2060367,3
2062415,4
2065189,1
2065918,1
2067962,1
2069332,1
2070470,2
2071057,2
2072327,1
2072588,3
2073456,1
2075003,22
2075528,2
2079216,6
2079818,1
2083970,2
2087196,11
2088120,8
2089328,1
2090638,7
2091965,3
2092982,1
2093257,1
2093499,17
2093645,128
2094051,1
2094428,1
2096178,3
2102170,7
2102459,13
2105450,1
2105646,5
2105737,10
2108638,4
2108814,8
2109179,4
2109949,5
2110578,1
2111414,4
2118854,232
2124654,1
2124927,1
2126016,11
2127422,1
2129004,2
2130610,1
2134717,1
2135109,1
2138298,2
2144431,1
2144852,1
2147315,4
2147607,1
2148631,1
2149148,1
2149345,1
2152909,1
2153085,10
2153233,29
2153596,2
2155053,5
2155702,2
2156825,5
2157210,10
2158586,1
2159840,4
2160033,5
2161604,1
2162479,1
2165378,21
2169785,1
2169988,1
2173751,1
2175920,5
2178035,4
2179522,1
2180448,3
2180501,2
2180737,1
2182013,3
2182451,2
2185454,4
2186037,2
2186817,2
2186944,1
2187646,25
2187703,6
2187753,2
2189499,1
2189515,8
2190172,1
2190717,2
2190804,13
2193099,3
2193401,3
2196581,3
2198333,2
2199257,2
2199844,5
2200945,1
2201831,1
2203897,2
2205332,12
2207061,1
2207129,1
2207222,5
2210070,4
2211863,2
2213274,1
2213496,1
2214112,1
2214403,1
2216387,1
2218704,1
2219868,1
2220144,9
2222066,1
2224259,1
2231465,1
2232316,2
2232848,2
2234040,1
2235034,1
2235197,2
2236194,3
2236492,1
2237374,1
2239582,1
2239603,3
2241341,1
2242634,1
2245188,1
2246236,2
2247109,1
2250773,8
2250949,6
2251901,1
2253517,1
2257775,2
2258601,1
2262317,1
2267868,5
2268349,1
2279705,3
2280140,3
2287643,1
2288526,3
2288815,1
2290680,7
2291617,4
2291853,4
2292269,3
2296455,1
2298495,2
2299163,3
2299477,1
2299750,1
2300450,1
2301890,1
2303688,7
2308556,1
2312739,1
2312891,1
2313277,1
2313894,2
2314653,3
2316584,22
2320150,4
2320438,2
2322725,1
2327967,3
2328507,3
2333102,5
2333127,6
2334515,3
2336188,7
2337017,2
2339706,5
2342011,1
2342440,2
2348601,2
2349677,4
2350133,1
2351309,4
2353223,2
2355008,1
2356617,1
2358544,8
2359078,1
2359085,2
2359729,1
2362398,1
2363932,1
2364382,4
2365726,4
2366163,2
2369487,3
2370819,1
2370973,5
2371234,3
2375049,1
2376171,3
2376190,2
2377042,2
2380331,2
2380939,2
2383991,1
2387484,1
2389610,1
2389721,1
2390261,8
2390332,1
2391227,1
2391813,2
2395120,1
2395945,1
2397965,2
2398701,5
2399361,3
2399516,1
2400484,1
2402371,2
2403229,1
2406671,3
2408763,7
2409013,1
2409834,2
2412124,11
2414312,4
2414538,1
2414664,1
2415160,1
2415969,2
2417379,10
2418430,1
2421800,1
2423265,6
2423733,3
2430325,2
2431035,7
2436586,6
2437754,4
2439800,1
2440254,9
2443349,1
2446595,1
2447007,2
2452634,1
2453405,1
2461724,2
2463114,1
2464521,1
2465823,4
2466315,1
2468026,26
2468733,1
2470815,1
2474151,2
2476904,1
2479777,2
2482592,1
2483350,7
2484378,1
2487914,7
2489925,2
2490308,1
2491523,97
2495522,1
2495812,6
2495827,2
2496062,1
2497955,1
2500076,3
2500426,2
2507959,2
2508906,1
2511447,2
2511956,5
2513671,2
2514475,1
2515770,3
2516374,112
2516886,7
2517163,2
2517886,6
2522957,8
2523891,1
2524727,3
2524756,13
2526966,1
2527848,31
2528931,1
2531203,1
2531824,2
2531873,2
2531994,2
2532507,2
2534009,3
2534010,2
2534067,2
2543482,1
2546817,5
2547171,1
2548761,1
2549663,4
2550128,2
2550270,5
2552981,1
2555177,1
2555540,1
2558528,1
2559408,1
2563042,1
2563172,4
2564915,3
2565103,2
2567269,78
2568953,1
2570020,3
2571195,1
2573148,1
2574139,6
2575243,4
2576248,8
2578107,5
2578435,6
2580024,1
2580118,1
2580291,2
2582260,1
2594135,1
2595482,2
2596452,87
2600194,1
2604492,1
2604796,1
2606648,3
2607896,1
2608387,6
2609430,5
2609949,1
2618939,3
2619275,2
2620269,3
2622537,2
2622616,4
2624304,2
2626727,2
2626895,4
2627739,5
2628961,10
2630893,1
2631044,1
2635310,1
2635575,2
2637400,3
2638146,3
2639536,2
2641884,1
2642104,8
2646200,5
2647599,1
2648372,1
2649591,14
2650507,2
2652269,1
2654679,4
2655343,1
2656302,14
2656792,1
2658349,1
2659616,4
2669018,2
2669353,1
2669606,3
2670565,1
2671677,1
2672491,1
2674181,2
2674707,34
2681063,1
2681413,9
2681550,1
2682339,4
2689914,9
2690735,6
2695131,2
2695612,2
2696242,1
2699622,1
2699818,1
2699942,13
2702995,2
2703318,1
2705933,1
2707489,3
2707839,1
2709934,1
2711623,1
2715732,3
2716277,3
2719369,2
2722915,2
2723450,16
2723695,2
2724019,1
2728897,2
2728973,1
2729968,1
2732784,2
2733759,3
2735606,4
2738214,26
2739152,1
2739432,1
2742158,1
2748683,5
2752246,2
2752322,3
2755140,1
2755275,4
2755379,1
2755996,1
2756068,1
2756413,6
2757604,3
2757605,8
2760500,1
2761223,6
2762027,24
2763075,1
2768646,5
2768956,1
2770068,7
2770379,3
2772137,2
2773587,4
2778297,1
2783174,10
2783233,2
2788922,1
2791012,1
2792218,1
2792994,12
2795477,1
2797506,1
2810856,4
2811838,1
2812077,1
2813127,2
2813320,1
2815000,3
2816924,2
2818519,1
2818795,3
2818881,1
2822788,1
2822979,1
2823007,2
2832450,1
2833149,1
2833800,2
2836110,2
2841278,2
2842327,1
2848900,1
2849783,5
2850085,3
2850874,1
2851234,2
2856262,1
2857125,2
2857374,13
2858781,2
2858797,1
2861645,5
2864940,24
2865521,1
2866396,7
2866725,5
2867323,1
2873895,2
2878035,1
2886999,1
2890225,1
2890765,3
2897228,1
2899780,3
2900363,3
2900650,89
2902828,1
2905193,2
2905463,2
2906438,23
2908404,9
2911825,1
2912098,2
2917916,1
2918494,3
2919331,3
2919831,3
2919998,2
2920841,1
2924639,1
2925850,1
2930864,14
2931759,2
2937062,1
2937281,3
2938369,3
2939143,5
2944020,2
2944245,2
2945007,1
2949787,1
2950694,1
2952262,22
2952432,29
2956728,1
2959298,1
2961403,1
2962673,2
2963526,4
2965254,3
2966017,1
2966274,1
2966374,1
2968839,47
2969452,1
2969803,2
2972230,1
2973697,1
2974507,2
2978881,1
2979942,1
2984216,1
2986076,2
2987706,2
2988239,3
2988384,31
2988556,1
2988780,22
2989774,3
2993585,175
2998423,1
2998514,1
2999877,34
3000015,2
3002715,1
3008942,5
3009798,2
3010015,4
3010089,7
3011295,1
3012620,34
3012742,1
3013263,1
3017466,1
3020502,53
3020651,1
3022408,1
3023494,3
3024844,1
3025545,1
3026239,1
3027957,2
3029447,26
3033966,1
3034245,2
3034862,73
3035901,5
3036041,1
3036097,1
3036543,1
3038231,1
3040534,1
3045151,1
3045955,5
3046058,3
3048584,3
3049685,1
3049779,3
3050566,2
3050769,2
3053365,3
3053706,3
3054279,3
3057149,1
3060084,5
3060176,45
3065537,1
3066363,7
3067307,1
3069931,7
3070225,8
3071894,2
3071931,3
3079196,5
3079899,2
3084059,1
3085750,8
3086302,9
3087713,1
3088169,6
3088334,1
3088516,2
3088686,2
3092629,2
3092765,1
3092928,1
3092983,12
3094157,3
3095129,78
3098081,1
3101218,1
3101639,1
3102871,14
3109387,4
3114489,3
3117255,4
3119684,5
3120787,1
3120927,7
3122248,1
3122427,4
3122463,1
3123582,1
3124142,1
3127783,3
3133965,2
3134828,1
3135310,2
3136806,4
3138565,14
3140303,1
3142652,2
3144733,8
3145064,2
3146553,1
3149039,3
3149408,3
3150671,6
3154388,12
3157114,1
3159186,2
3163685,1
3165569,1
3166525,1
3166607,1
3169654,1
3173202,2
3177345,1
3177592,2
3180241,1
3183101,3
3183571,1
3183950,1
3186500,3
3187340,5
3190892,1
3196914,5
3197256,1
3199374,4
3202886,1
3204833,1
3206644,2
3207044,3
3210692,5
3213001,37
3218278,2
3219710,5
3220328,2
3220462,5
3221457,1
3221552,2
3225710,4
3226779,1
3234218,1
3237646,2
3237782,1
3238125,1
3238326,2
3240567,1
3243422,2
3244100,1
3244208,3
3251862,1
3252324,5
3253391,1
3255022,4
3255683,1
3256819,48
3258475,2
3258912,171
3261484,5
3263909,1
3264729,1
3266778,3
3267217,3
3268378,20
3268523,2
3268848,1
3270710,1
3271526,2
3272024,9
3273189,2
3275131,3
3275625,4
3281383,1
3284413,6
3284425,1
3284582,2
3285394,1
3285598,4
3288843,2
3291057,16
3294089,6
3297144,2
3302316,2
3303223,40
3303244,16
3306522,1
3308853,12
3309943,3
3311787,3
3314198,1
3314273,4
3316278,1
3320492,1
3320857,1
3321113,1
3324273,1
3324447,6
3328628,2
3329014,3
3333960,3
3341431,1
3343739,22
3345438,3
3345957,1
3346173,2
3348917,7
3355586,2
3358496,1
3359925,1
3360552,1
3361981,2
3372921,3
3374853,16
3375782,1
3376986,1
3379217,4
3381473,1
3383343,1
3383542,5
3384895,3
3386311,1
3386683,1
3386774,1
3393291,1
3396437,1
3396508,1
3399521,1
3399646,1
3399983,1
3400295,1
3403716,1
3404479,1
3405757,3
3409719,95
3411618,2
3411741,6
3411908,310
3417087,8
3419214,4
3421011,2
3426151,2
3427748,1
3428818,15
3433520,1
3434097,1
3436639,3
3439449,2
3439946,3
3443071,1
3449741,21
3450414,1
3450503,10
3450637,4
3453680,2
3454708,1
3454748,3
3455836,2
3460243,1
3461133,2
3461987,1
3462061,9
3462262,1
3465382,1
3466861,4
3467859,4
3468191,1
3470211,2
3472464,3
3478577,1
3480251,7
3482687,1
3487134,2
3488275,1
3488680,2
3491269,1
3496181,1
3496933,1
3499179,1
3499329,2
3504996,7
3505342,15
3508098,2
3509435,1
3513028,3
3513421,1
3513728,1
3518936,3
3519834,1
3520476,2
3524280,4
3528054,1
3530900,4
3532333,3
3532938,3
3533521,8
3534621,1
3535532,3
3536834,2
3538049,1
3539762,2
3540094,5
3545947,8
3550264,37
3554420,2
3555112,3
3556655,1
3560972,1
3562644,1
3562831,1
3564144,1
3565334,1
3568023,1
3568282,3
3568634,3
3569487,1
3572370,1
3575594,3
3575630,1
3575631,4
3577760,7
3579549,1
3582019,111
3582531,2
3583810,7
3583852,1
3583863,1
3585401,11
3588249,7
3588344,1
3588930,2
3589632,1
3590708,1
3592680,1
3593117,1
3594271,1
3596621,1
3598346,1
3601990,1
3602026,1
3606005,8
3607706,4
3613728,4
3617388,1
3617445,30
3618433,3
3620679,4
3623470,24
3624489,1
3626554,2
3627939,4
3632140,2
3635947,1
3636059,16
3636749,4
3638718,1
3646621,1
3649172,3
3655343,5
3657467,5
3658537,5
3662967,3
3664838,8
3666334,1
3670880,2
3672269,2
3675657,1
3676570,1
3679307,49
3680095,4
3680449,2
3681305,2
3685666,24
3685722,1
3685855,1
3689126,1
3694532,4
3697529,1
3697881,13
3701049,17
3701055,4
3701617,2
3704166,1
3709404,1
3710455,1
3714473,1
3715827,3
3719127,85
3720284,2
3721653,1
3724528,1
3732337,37
3733188,1
3734029,1
3734275,1
3738248,57
3750844,1
3757516,9
3761037,1
3761507,1
3761754,3
3764969,4
3765653,1
3765976,11
3767911,3
3768310,2
3768930,1
3769032,1
3769470,1
3770661,133
3774765,1
3780087,1
3780335,1
3782206,1
3783851,1
3784254,5
3786216,9
3786609,2
3788411,2
3790946,4
3791251,1
3791347,2
3792558,13
3793230,1
3794285,2
3795350,1
3798914,6
3800563,3
3801889,26
3803379,2
3807404,5
3809328,106
3812622,5
3812756,1
3812825,1
3815994,8
3817550,4
3820835,3
3822711,1
3823289,1
3826728,7
3829221,9
3829405,7
3829542,1
3831287,1
3831358,4
3831758,1
3832438,1
3834685,1
3836775,1
3837639,1
3837858,1
3842103,12
3842314,1
3842368,14
3850103,4
3850557,4
3852117,2
3858066,1
3858517,2
3858571,1
3858716,2
3859285,1
3859458,2
3859494,6
3866933,4
3871075,1
3872706,7
3879141,9
3882356,1
3887051,9
3892038,1
3897610,1
3898191,1
3902456,13
3903825,3
3905362,3
3906381,22
3906919,1
3912985,4
3915010,20
3927259,1
3933100,4
3934718,2
3939366,1
3940394,12
3943029,2
3946688,11
3948009,1
3948091,1
3950315,3
3951341,2
3952630,19
3954398,2
3955347,3
3958024,6
3959412,2
3959582,12
3961874,1
3972657,4
3977207,1
3978713,3
3993136,21
3997464,2
4005874,3
4017428,2
4019637,2
4020774,1
4023736,3
4023868,3
4027152,1
4030130,3
4031599,1
4032802,24
4036908,3
4038700,7
4046439,3
4053075,49
4056238,2
4056297,1
4070381,3
4072134,1
4072137,9
4073642,1
4089407,1
4093183,1
4095535,5
4097406,2
4105072,1
4106571,4
4108229,2
4110700,1
4110770,4
4112567,1
4112907,1
4118450,1
4119822,1
4120193,1
4121513,7
4123221,1
4186172,32
4186414,1
4205460,3
4208403,1
4208963,1
4221659,2
4226083,4
4227924,1
4235762,1
4236721,3
4243538,1
4245268,2
4246539,8
4250468,7
4251822,1
4252481,17
4257598,1
4257902,1
4258904,1
4260418,3
4260500,1
4264864,1
4267001,18
4267161,2
4273986,1
4274000,123
4282653,8
4284025,2
4290090,1
4290912,1
4292186,1
4295684,4
4300357,2
4301386,1
4301393,3
4301979,2
4303401,1
4306584,1
4311574,1
4314500,2
4322461,4
4334781,1
4335127,5
4335543,1
4336346,51
4336406,13
4336922,1
4338302,1
4348712,1
4376197,2
4376418,10
4383584,1
4385730,8
4386632,10
4389855,20
4390439,1
4391692,3
4393875,4
4393954,2
4405870,5
4411044,1
4413587,1
4415575,1
4416488,1
4429358,8
4430855,32
4434923,1
4444156,2
4445893,1
4447534,3
4450846,3
4455190,1
4456725,2
4463780,1
4464287,1
4466362,4
4466987,2
4472441,1
4473244,2
4476377,19
4481612,3
4483569,2
4484710,2
4485911,1
4487550,1
4494228,2
4494412,1
4496800,6
4499493,7
4503534,1
4504676,12
4511239,3
4511967,5
4513389,5
4513997,34
4521526,1
4521583,1
4527640,3
4537993,1
4541448,2
4549208,1
4555821,1
4563099,1
4564046,2
4564222,1
4564450,2
4565102,5
4565552,1
4567339,1
4571935,6
4574977,3
4587958,4
4589995,2
4591281,1
4593889,1
4595219,1
4596848,1
4601560,1
4602408,1
4604923,1
4608926,35
4614974,1
4619967,1
4626155,1
4628834,1
4636935,7
4638910,1
4639515,1
4643393,4
4650834,1
4651564,1
4660847,2
4664148,1
4676047,1
4680126,2
4689238,16
4692222,4
4694185,2
4695598,1
4698985,1
4700187,19
4700432,1
4700452,1
4701323,4
4703507,1
4708022,1
4716429,7
4726444,3
4733830,1
4734171,1
4734449,6
4734683,1
4739841,3
4741634,10
4743930,1
4747527,1
4748760,2
4754340,1
4761207,2
4763247,44
4763908,3
4765849,5
4767603,1
4771887,1
4772843,2
4773672,1
4775381,1
4780151,14
4848970,3
4851961,2
4860461,2
4862105,1
4863154,4
4866711,13
4867579,35
4868412,1
4870838,1
4880049,1
4883111,2
4890588,2
4893941,2
4899448,1
4910199,3
4923772,1
4929143,1
4941704,1
4945300,2
4957714,2
4969372,1
4971637,1
4974554,18
4975481,2
4976701,1
4981717,1
4986608,3
4987362,1
4987619,3
4992095,1
4998899,1
4999963,1
5006202,1
5024181,3
5030034,2
5034541,3
5037598,12
5039774,1
5039844,1
5043684,1
5045917,3
5047433,1
5049452,2
5049931,1
5054455,1
5054499,1
5055286,4
5055813,2
5056527,3
5063497,2
5065022,1
5065087,1
5067779,1
5072125,10
5072824,7
5074653,5
5075735,18
5078257,20
5080481,2
5081693,36
5085604,29
5085857,2
5086449,9
5090564,1
5090697,1
5091606,1
5096100,2
5098966,1
5104659,3
5106247,28
5115736,2
5115881,1
5116512,10
5119453,1
5120600,1
5120978,2
5123854,3
5126174,12
5131639,1
5133417,3
5154224,55
5154429,1
5157731,2
5160098,31
5164524,1
5164566,1
5165695,1
5235397,6
5253401,1
5258557,2
5306632,2
5313026,1
5342736,1
5346141,5
5376102,1
5377578,9
5382730,2
5392692,9
5393070,6
5396092,1
5397606,2
5400534,3
5406045,1
5406194,1
5408131,1
5409136,4
5413929,9
5417029,1
5423691,1
5429383,14
5435651,14
5435754,1
5439192,2
5439434,2
5440380,1
5443453,4
5446416,43
5452188,3
5452266,1
5453207,1
5454584,1
5454896,2
5456109,3
5459531,58
5467940,2
5474137,1
5476192,3
5476475,1
5477146,1
5478812,11
5478816,48
5479612,2
5480964,1
5489923,196
5495903,1
5496493,1
5499604,3
5500985,2
5501661,1
5513204,1
5516031,2
5518399,4
5521481,1
5526249,5
5531524,2
5536537,1
5538742,1
5539269,2
5539731,12
5545693,4
5546054,1
5548384,1
5548513,26
5550766,11
5555955,23
5556742,1
5558240,11
5559984,1
5565305,11
5565512,1
5565818,1
5567134,1
5569176,30
5573349,6
5573866,2
5586261,2
5589607,3
5592030,1
5592171,1
5602602,18
5603905,3
5605159,4
5605660,1
5617654,1
5620944,3
5624701,27
5628915,1
5648297,2
5661814,2
5662554,2
5681728,4
5683323,1
5690707,1
5690837,9
5691558,1
5692214,2
5694042,10
5694968,1
5695228,24
5707914,1
5711457,1
5712500,1
5713802,3
5715750,1
5717221,1
5724500,1
5725984,1
5726897,2
5734025,1
5741397,1
5744869,6
5745167,2
5748203,1
5753815,1
5755369,1
5759458,1
5760727,1
5768500,1
5770155,2
5770593,1
5779589,8
5782145,8
5786111,1
5786863,2
5787534,2
5796067,6
5805553,1
5816989,1
5820329,1
5825330,1
5835246,7
5854309,2
5856094,1
5869124,2
5872634,1
5879161,1
5879202,1
5892423,1
5896719,7
5905373,1
5918335,3
5927734,2
5934297,2
5936434,7
5940284,3
5943558,2
5946950,1
5947264,4
5947510,1
5950167,18
5951327,1
5954439,5
5959413,42
5962075,6
5970244,1
5975632,2
5976349,1
5985128,3
5985352,3
5986833,15
5988486,4
5989535,2
5997359,2
6000427,6
6000653,1
6000839,2
6001602,2
6005494,1
6006131,1
6006289,6
6071640,1
6084068,16
6091421,1
6095983,3
6097741,2
6097882,1
6098598,2
6098974,5
6099087,3
6101616,1
6101862,1
6101937,2
6104077,9
6104541,2
6107283,1
6108513,4
6109342,1
6111049,1
6112684,1
6113522,1
6114891,1
6117322,2
6124346,28
6128887,1
6130796,2
6131762,2
6136815,1
6138122,1
6139395,3
6139850,1
6140286,1
6140486,5
6140902,19
6141782,178
6147468,1
6149917,6
6151691,1
6154250,1
6154569,1
6157976,3
6165221,2
6165449,1
6167825,2
6169149,2
6171949,2
6175477,1
6178001,15
6178652,4
6178724,1
6178937,2
6179509,4
6181272,1
6187345,3
6188926,1
6196277,29
6196697,13
6200220,7
6200483,4
6200556,1
6200776,2
6201400,3
6202136,5
6203819,2
6203971,1
6204480,5
6207215,1
6208199,1
6214963,1
6216162,1
6216598,28
6217654,1
6218842,1
6219707,1
6220170,1
6221159,1
6223493,8
6223788,32
6224013,21
6224039,2
6225072,1
6226686,2
6228468,1
6232577,1
6232779,1
6235052,6
6237025,1
6240872,1
6242481,1
6245912,2
6248081,1
6252473,1
6253223,1
6254528,1
6254916,2
6256215,1
6263623,3
6265170,1
6265421,1
6270595,1
6275579,1
6278672,1
6280467,4
6285024,1
6288925,1
6290191,2
6304597,1
6309267,1
6313964,24
6323959,1
6325676,1
6325933,3
6325989,1
6328047,1
6330175,1
6331730,2
6331761,5
6331841,5
6337565,2
6339227,4
6339963,3
6345893,1
6348277,6
6359942,1
6362143,4
6365334,1
6366366,1
6369132,114
6369561,1
6369772,4
6376608,4
6381940,1
6385849,2
6395253,1
6396163,10
6398291,10
6398898,1
6399115,1
6400003,1
6400793,10
6400890,3
6404321,1
6410857,4
6414792,1
6415618,1
6417559,2
6419968,2
6421552,9
6425136,1
6433502,4
6436726,1
6446295,1
6452911,1
6455455,1
6455821,1
6455992,1
6456157,1
6457879,1
6458979,1
6460629,1
6461334,4
6463460,1
6465398,1
6465646,4
6470431,1
6470434,3
6470937,1
6474347,1
6474853,1
6478774,1
6480337,15
6482159,1
6483661,2
6483859,1
6489567,1
6489960,1
6492524,1
6493215,1
6495809,2
6496188,3
6498148,8
6498376,1
6499286,1
6501838,13
6501986,1
6502103,1
6506031,2
6507682,41
6510226,1
6512727,1
6515169,9
6515421,2
6517477,1
6519164,1
6520430,1
6524569,1
6527696,2
6531847,1
6532752,3
6537503,1
6542929,3
6543901,1
6545676,1
6548980,21
6549063,3
6554934,5
6556420,1
6558374,6
6560165,1
6560823,10
6561202,2
6561709,2
6562472,4
6566260,1
6567148,1
6569445,1
6570090,3
6570774,1
6573686,1
6574247,98
6578739,7
6579993,3
6580168,1
6580981,1
6581063,7
6582286,5
6582638,2
6600750,21
6601505,30
6603059,8
6606012,5
6611040,2
6611601,3
6614079,15
6621601,1
6622306,6
6624363,55
6632139,3
6632729,1
6634643,14
6635613,5
6636525,8
6640808,4
6641257,2
6645232,1
6647613,3
6651790,2
6651819,2
6652901,7
6653660,3
6654997,2
6660037,2
6660239,1
6668040,5
6671147,1
6674354,1
6681496,1
6682365,1
6683222,2
6685671,7
6694370,1
6694934,1
6699331,4
6699572,2
6707568,1
6712992,3
6715515,3
6717433,1
6718766,2
6718818,6
6724269,1
6726088,2
6726694,5
6730794,1
6731970,1
6732776,5
6733646,11
6735628,5
6746212,2
6758082,1
6758383,3
6760789,2
6761979,2
6762893,1
6764489,2
6765605,14
6769125,1
6771174,1
6773570,1
6781848,1
6782540,4
6787493,1
6788269,1
6791304,2
6792924,2
6797645,1
6798498,1
6798525,11
6803450,1
6803909,1
6807223,3
6813786,8
6813845,2
6818781,1
6826782,1
6827026,1
6829443,1
6831248,1
6831667,22
6835459,8
6837294,1
6838732,8
6853922,4
6854319,1
6854847,1
6857504,4
6859077,1
6860782,2
6861312,1
6862845,1
6864099,34
6864220,3
6864803,1
6866443,1
6868586,15
6869968,4
6878554,1
6879158,1
6881349,4
6881520,10
6881726,1
6886808,14
6888439,1
6892202,1
6895010,1
6896518,1
6896653,7
6899128,1
6906713,5
6906862,3
6906932,2
6907666,1
6913984,4
6916456,2
6917965,1
6923262,1
6925973,1
6927316,101
6928231,23
6934107,3
6936722,5
6937329,2
6938193,3
6939908,4
6944976,1
6945155,1
6951336,1
6951367,3
6954247,2
6957410,31
6960359,48
6967332,6
6967549,1
6968524,7
6969591,98
6974477,1
6980332,2
6982098,4
6993748,2
6993846,6
6997442,1
7002280,1
7002722,5
7002910,4
7003632,2
7012450,5
7014705,3
7020688,2
7020689,1
7021050,1
7021849,1
7021893,4
7022677,3
7029753,1
7030450,2
7032410,1
7033442,7
7036399,6
7041831,2
7050689,1
7052350,9
7055875,1
7056051,1
7059817,5
7061845,6
7076359,1
7093997,2
7097347,1
7102371,2
7104844,22
7105996,3
7106250,2
7108113,1
7121822,9
7125636,7
7130320,1
7136961,3
7137636,2
7137933,1
7140141,1
7140373,1
7141156,5
7155199,1
7155214,96
7156057,13
7170387,1
7173113,1
7175656,6
7181541,2
7181966,11
7187414,3
7188468,1
7203930,1
7204589,1
7206431,1
7208176,4
7217489,1
7225669,2
7225806,6
7229234,1
7238728,2
7241505,1
7243081,1
7246319,30
7250271,1
7250865,1
7258821,2
7260341,1
7262356,1
7263004,1
7263260,1
7264769,2
7264960,1
7266735,2
7267761,4
7269014,1
7276783,5
7279029,17
7279600,3
7281249,2
7284174,1
7288801,1
7289312,1
7291058,51
7291284,6
7291388,1
7292954,5
7294104,1
7300880,1
7303402,2
7308569,4
7310298,1
7310367,8
7314658,1
7315121,1
7315646,1
7323661,1
7326954,2
7327189,5
7328569,10
7331751,4
7353049,1
7358917,2
7359296,2
7361488,6
7362298,3
7363455,1
7364503,1
7368195,1
7368218,12
7369169,1
7377153,3
7382239,1
7384706,2
7385056,12
7385882,4
7393881,3
7398450,1
7398542,6
7398956,63
7403724,1
7404470,7
7405979,10
7407559,12
7408707,1
7409911,1
7416534,1
7418380,1
7422199,2
7425615,6
7428986,2
7430230,1
7433953,7
7445182,1
7448238,1
7448779,1
7449291,6
7449718,1
7451106,235
7452444,4
7462443,1
7465038,5
7465314,1
7465483,1
7468402,5
7470427,1
7471292,4
7472229,5
7472509,1
7476389,1
7481968,1
7481977,3
7484274,6
7487625,1
7496911,1
7498516,1
7510857,1
7516895,1
7522326,6
7522608,1
7523509,3
7529403,1
7529858,1
7536274,3
7539164,2
7548681,10
7556707,3
7558729,7
7560729,2
7561364,3
7563415,1
7565052,2
7565425,23
7566959,2
7567904,1
7572963,6
7574949,12
7576909,3
7583340,2
7586678,1
7588524,1
7588720,2
7588863,1
7600065,25
7604734,3
7607765,1
7610423,6
7618789,3
7619429,2
7621350,1
7623392,2
7625179,28
7626042,1
7633196,2
7637788,19
7640515,1
7642305,5
7646089,3
7646997,3
7647897,2
7648947,8
7649248,2
7649939,1
7652712,1
7656144,2
7658137,24
7658766,4
7662791,10
7670350,1
7672160,2
7677222,1
7679083,10
7683122,7
7683988,7
7693773,1
7698624,4
7702080,3
7715131,2
7715917,1
7722502,2
7726453,31
7735698,26
7736617,4
7741960,1
7742437,11
7745450,5
7756684,4
7757961,2
7758285,1
7760206,1
7768797,2
7769244,1
7769989,1
7771362,1
7773154,3
7783442,2
7789667,1
7791554,1
7801023,1
7807662,1
7808768,1
7810279,1
7826361,2
7826611,4
7829103,1
7832807,1
7836602,1
7838510,1
7841123,4
7843130,3
7844038,1
7850792,23
7851459,1
7855229,1
7855550,2
7858794,1
7859511,159
7871613,2
7876065,5
7877048,1
7880285,5
7882868,2
7883929,2
7884617,27
7884785,4
7892386,1
7893467,2
7896900,1
7897377,1
7900141,1
7904874,1
7910655,3
7915581,1
7917588,1
7933595,3
7936676,1
7947227,1
7949436,1
7956849,4
7959390,1
7959467,1
7971805,1
7974909,39
7981614,1
7982286,3
7982766,28
7987497,1
7991697,1
7996330,6
7997887,2
8004916,4
8005928,11
8006973,1
8010696,1
8010751,1
8011695,1
8012246,1
8014714,1
8041712,1
8043517,8
8057219,8
8067672,1
8080139,2
8084472,2
8084568,1
8088280,3
8089047,1
8090286,8
8092585,2
8093218,2
8093541,4
8096183,1
8101409,1
8103558,2
8106041,12
8106647,7
8108139,2
8109717,9
8110092,1
8111337,1
8119275,29
8120808,2
8126323,12
8130498,2
8136989,1
8139542,1
8141610,367
8145162,1
8146281,1
8146878,3
8153488,2
8154403,1
8154896,3
8154988,2
8158467,11
8161013,2
8165116,4
8167069,2
8169760,3
8174668,6
8182544,1
8183820,1
8185378,1
8187216,1
8188035,2
8189049,1
8196857,5
8196867,2
8201214,1
8201820,3
8209955,2
8210022,2
8211252,1
8213060,1
8218421,2
8224288,9
8224515,6
8226118,2
8232843,1
8233294,2
8234137,71
8235894,2
8236104,9
8236137,1
8239010,1
8239914,2
8247746,6
8249643,16
8259961,1
8263993,17
8265783,1
8268218,1
8271835,8
8278363,2
8284382,1
8285237,3
8286308,4
8293219,10
8293967,2
8296820,2
8296899,1
8300833,14
8301469,1
8302603,1
8303524,13
8306146,2
8306742,12
8316319,2
8317814,1
8318792,1
8320433,14
8321813,1
8331880,1
8332145,11
8340804,1
8342029,1
8342642,1
8342888,1
8343438,1
8348068,1
8353205,2
8357032,1
8367497,24
8371483,1
8375431,1
8375974,1
8376450,7
8378139,1
8380196,1
8384154,1
8404338,1
8404497,1
8413385,2
8416833,20
8419629,4
8420749,2
8432367,1
8441040,5
8441697,2
8448004,4
8448976,1
8452145,1
8453015,2
8454559,1
8464000,1
8466819,2
8467090,1
8469162,14
8477889,1
8503221,1
8513570,1
8513623,4
8515135,3
8518958,1
8520132,1
8524416,1
8525017,2
8531365,1
8535316,1
8536229,2
8536423,1
8542641,11
8544498,1
8548199,4
8551143,6
8553201,5
8560019,1
8560461,1
8564912,1
8566231,1
8577079,2
8577661,1
8577679,1
8578628,1
8579513,1
8580715,1
8585757,278
8590793,1
8594806,29
8596704,8
8599078,1
8599856,3
8605051,3
8620692,4
8621532,1
8624131,2
8624925,1
8625128,11
8626190,1
8626604,2
8634694,1
8638499,2
8638645,1
8639019,1
8644687,1
8645242,1
8649381,15
8651646,3
8651673,16
8655260,3
8660636,2
8660910,1
8673350,1
8677929,2
8684253,63
8684522,3
8684687,5
8685236,1
8690273,9
8694884,6
8701582,1
8705749,5
8706994,1
8707860,1
8708404,5
8709523,1
8710907,1
8711718,3
8713300,1
8713409,10
8714217,5
8716625,3
8716685,3
8723325,1
8723401,2
8729298,2
8735050,1
8737545,22
8737666,1
8739958,2
8741094,10
8745199,1
8752865,3
8756054,11
8757916,6
8758440,2
8760444,1
8762047,10
8762865,13
8765989,2
8768737,1
8768917,1
8769808,2
8777305,2
8782845,31
8790095,3
8797628,1
8800273,1
8802311,1
8802769,1
8805123,2
8812105,3
8815265,928
8820662,1
8821386,2
8825373,1
8840711,2
8847848,1
8848441,1
8848739,2
8853825,2
8855379,2
8859270,1
8860307,2
8860789,1
8862388,10
8873114,1
8874568,14
8879924,1
8888823,33
8888826,11
8948891,1
8957040,1
8963015,1
8963919,1
8965391,3
8967758,1
8968004,1
8974322,8
8976690,1
8981282,1
8985296,1
8985770,1
8994841,1
9004584,1
9005953,1
9020280,2
9030073,1
9034596,6
9039162,1
9043079,4
9051994,3
9052958,1
9054713,1
9056660,1
9057989,1
9058550,3
9062572,1
9064298,8
9066094,5
9067278,303
9067492,2
9069576,1
9084685,1
9084779,1
9092554,1
9094497,1
9096144,2
9098015,1
9101821,1
9107654,1
9111697,1
9119128,2
9124408,2
9126512,3
9129770,1
9133573,32
9145232,9
9152196,2
9153305,3
9165423,4
9168740,1
9171912,2
9172442,1
9180142,1
9188988,3
9189661,9
9202257,2
9205008,1
9205290,1
9211520,1
9214589,8
9217950,2
9218812,15
9221625,6
9223358,4
9232136,1
9232414,2
9235048,2
9241813,1
9243533,2
9246995,1
9251999,2
9254266,4
9258087,2
9258807,2
9260074,7
9265252,3
9270564,11
9270943,6
9274504,4
9287778,3
9292472,5
9294775,1
9298651,3
9300033,1
9306183,2
9306430,1
9309001,2
9310765,19
9313810,3
9325527,34
9331035,2
9331329,3
9332245,1
9335168,2
9335862,2
9341120,1
9351413,20
9351939,1
9353122,2
9358046,1
9362216,2
9363693,13
9369995,1
9370617,1
9372494,1
9383929,1
9384052,1
9385575,1
9389546,1
9392269,1
9392449,1
9399360,1
9399809,2
9405140,1
9405346,2
9405761,1
9409747,1
9410251,1
9418918,4
9420498,1
9428180,2
9437804,6
9438312,1
9442325,3
9449328,4
9450337,1
9450785,1
9451010,2
9451781,12
9451809,1
9453887,5
9459892,7
9462824,1
9479604,1
9483896,1
9484086,1
9484305,2
9487867,1
9490887,3
9500246,1
9503268,1
9504266,1
9505051,1
9507197,1
9511239,5
9513152,1
9513820,1
9515807,9
9524030,1
9524936,1
9525175,3
9529177,12
9531072,1
9537889,1
9539988,1
9540247,2
9541306,7
9547748,14
9547815,1
9554771,2
9555753,15
9556969,1
9561528,28
9565607,9
9565823,4
9566743,1
9567258,27
9569919,30
9570555,1
9571369,6
9576352,12
9579049,4
9580654,1
9581948,2
9582642,1
9582932,1
9588028,1
9588208,3
9592125,2
9592188,3
9596226,3
9600311,1
9601729,1
9605875,1
9616483,5
9618404,1
9619704,1
9629895,3
9631206,1
9631526,4
9631949,1
9632480,1
9634990,1
9636150,2
9636994,1
9637244,3
9638447,1
9643052,1
9643684,1
9643789,1
9644194,5
9644551,1
9646233,1
9647707,7
9647911,7
9648434,2
9650808,1
9654614,1
9659251,1
9661948,2
9662116,1
9665967,1
9668261,2
9673920,1
9677733,1
9700814,9
9701922,117
9713542,2
9715862,1
9719936,2
9719956,1
9720764,2
9725660,3
9727220,1
9738458,39
9751188,1
9752772,4
9756743,3
9759429,1
9762968,1
9763351,1
9763932,8
9764791,7
9769431,1
9778985,2
9798079,2
9802360,4
9815213,3
9816759,1
9842830,21
9866155,1
9871304,3
9883933,3
9986512,1
10001682,10
10004478,5
10008549,1
10014813,1
10018247,34
10020411,1
10022870,1
10023560,1
10024614,1
10025043,1
10030389,1
10034162,2
10038015,2
10040777,1
10040994,1
10043801,1
10044117,1
10046575,1
10049970,2
10050988,3
10057712,1
10060473,1
10063354,2
10064781,1
10066369,1
10068456,1
10069688,1
10073925,4
10079808,3
10082865,1
10083342,2
10083560,4
10083651,1
10084972,1
10091523,2
10102513,4
10106777,1
10109300,1
10113887,1
10115103,57
10115111,1
10116087,1
10121444,1
10122750,17
10127255,7
10129845,3
10131626,2
10136208,3
10136878,1
10146944,9
10147318,3
10148424,1
10152467,1
10158196,1
10159942,1
10159967,2
10161035,3
10161722,2
10165470,2
10190131,3
10190985,1
10196458,1
10200824,3
10201617,1
10204073,1
10204146,1
10205291,1
10217275,1
10224597,3
10231408,3
10231963,1
10237021,4
10242255,1
10250078,1
10251935,1
10261163,5
10263406,4
10266046,1
10266793,1
10273582,4
10276050,1
10276379,1
10281484,1
10288500,3
10296037,1
10317175,1
10322971,3
10336064,15
10336867,7
10337018,1
10345099,1
10346110,2
10357890,1
10367729,2
10376342,5
10377313,8
10383098,10
10384908,8
10390135,4
10391836,26
10392834,1
10393449,4
10396137,3
10404785,2
10405012,1
10409193,1
10410802,2
10421059,1
10421120,1
10426064,1
10430104,3
10432693,1
10434732,1
10435170,1
10441260,1
10448872,1
10451406,1
10452124,4
10467865,9
10475035,1
10481177,12
10483664,1
10493943,1
10497877,1
10498144,2
10498216,2
10501930,3
10504073,1
10506493,11
10507118,1
10507696,2
10508413,2
10517702,3
10524353,3
10525997,3
10528704,2
10533374,1
10535473,1
10541937,4
10548626,3
10550034,6
10553044,1
10561318,1
10561343,1
10568360,45
10569584,3
10582586,3
10592822,2
10596175,1
10598211,1
10604278,11
10609152,1
10609642,21
10610483,1
10611981,4
10612338,1
10642555,1
10642794,1
10642893,14
10648037,3
10658314,44
10663847,25
10664087,5
10667830,3
10670644,2
10672505,20
10672765,4
10674678,1
10693551,2
10694027,2
10706365,4
10709804,140
10710126,2
10710856,1
10711381,2
10721939,1
10727741,1
10729013,1
10740613,3
10742153,1
10746089,7
10747293,1
10747691,1
10764318,14
10764728,5
10772629,1
10785251,1
10799061,1
10800745,1
10803982,1
10811262,6
10817172,1
10819405,3
10826899,1
10838733,1
10843693,12
10844872,1
10846613,1
10849794,1
10856732,1
10860605,1
10861685,1
10862460,1
10862474,17
10885399,6
10892018,1
10892224,1
10893953,1
10894189,2
10895959,3
10896171,5
10897824,2
10904732,2
10909621,1
10910175,2
10920407,1
10927169,2
10934813,1
10935166,2
10937072,3
10941945,41
10944048,2
10945764,1
10954844,10
10958401,8
10965851,2
10971002,17
10975448,2
10976243,1
10978500,1
10984084,1
11005272,1
11007897,3
11010352,1
11012918,1
11014455,3
11016994,1
11017002,2
11017062,10
11020473,1
11021876,2
11023317,3
11028594,1
11028994,2
11036960,8
11037512,2
11038528,27
11042311,1
11044193,58
11053214,1
11053377,2
11062080,2
11068668,23
11074717,1
11075589,7
11076644,1
11076915,12
11082700,2
11083036,1
11089021,2
11090694,1
11092117,1
11095228,4
11099617,2
11100227,1
11105156,4
11108388,10
11109878,9
11110209,6
11112012,2
11112111,2
11116225,10
11120353,2
11120589,1
11122783,118
11123317,1
11123841,1
11123891,1
11124768,1
11130787,22
11134747,1
11136571,78
11136804,1
11137053,1
11140057,1
11159345,4
11159613,5
11162145,1
11163643,3
11165368,1
11167154,4
11181090,5
11185975,1
11189795,1
11190587,2
11195224,2
11196088,30
11206046,1
11214465,1
11220030,1
11223118,11
11223292,2
11226223,1
11229447,3
11229998,2
11239014,1
11241295,1
11243801,2
11256237,1
11262528,4
11264362,1
11271111,15
11281355,1
11282408,19
11287986,1
11288692,1
11288986,1
11291013,1
11292505,28
11299854,1
11307147,1
11311247,1
11323917,1
11328267,1
11331829,1
11342870,1
11346292,2
11347071,1
11347085,2
11349383,1
11359676,2
11372232,1
11373730,8
11381818,2
11388237,1
11394010,12
11394948,1
11398349,5
11398995,3
11401288,5
11412255,1
11413607,1
11413949,1
11417546,1
11425547,2
11435901,10
11437539,1
11438240,2
11440191,3
11440573,3
11442665,3
11443476,2
11451295,1
11452649,1
11457359,1
11457735,1
11457957,5
11459069,1
11462615,1
11475988,16
11476517,3
11480474,1
11483114,1
11486260,2
11487707,1
11489068,1
11489438,1
11494028,1
11495610,4
11497451,1
11499282,1
11506313,1
11509643,1
11510406,1
11511115,2
11512368,1
11530661,1
11534123,2
11534207,1
11537344,1
11538192,2
11542729,1
11550458,2
11551017,1
11560696,1
11577669,3
11581456,1
11581772,1
11584580,1
11586503,1
11589284,1
11594422,1
11597183,2
11597234,1
11597590,1
11599998,2
11601167,18
11602774,1
11602955,1
11606496,1
11611689,5
11614339,3
11617313,1
11618256,1
11622775,28
11637617,3
11649437,1
11651103,4
11653536,2
11653542,1
11655231,1
11664371,1
11677870,4
11679579,1
11681947,8
11687215,3
11689937,1
11690166,3
11691612,1
11697011,1
11698783,1
11702360,1
11705729,1
11711444,2
11714221,1
11724602,1
11729223,15
11733513,1
11737086,1
11741030,1
11744730,1
11746542,40
11747611,3
11756106,1
11767770,1
11768104,2
11769730,1
11771100,4
11777639,1
11777791,1
11779607,1
11781020,1
11786319,2
11786717,2
11798527,34
11800148,1
11803185,4
11806713,1
11808977,4
11815852,1
11827049,10
11830891,2
11832217,1
11838807,1
11848409,6
11849883,1
11857415,1
11865842,4
11869196,8
11873385,1
11876087,9
11877135,7
11879535,1
11883041,1
11884313,7
11884482,2
11892693,1
11896223,1
11897429,1
11902474,4
11912105,1
11924000,1
11926895,15
11931533,267
11932049,1
11933535,3
11933586,1
11938632,1
11938804,6
11939215,5
11947181,2
11947474,1
11947786,3
11951523,1
11953644,1
11953672,2
11957401,13
11971098,2
11977489,1
11980739,1
11981008,1
11982600,1
11984087,1
11994644,3
11995178,1
11995822,1
12000213,76
12005006,3
12011751,4
12015979,1
12017332,1
12021861,2
12023429,6
12024096,2
12025095,1
12027237,1
12028343,59
12032931,11
12034784,1
12035526,1
12035881,1
12038218,1
12048164,2
12050465,1
12052011,1
12063196,1
12064392,2
12064669,46
12066303,1
12071386,1
12082194,8
12083610,2
12089894,1
12105646,1
12107136,2
12112717,89
12113701,4
12122998,5
12126906,1
12127920,1
12130508,2
12131906,1
12133295,1
12137067,44
12141515,7
12142082,2
12150996,1
12152204,2
12153743,3
12154062,1
12154450,40
12159310,1
12162632,2
12185729,6
12193031,3
12193695,1
12204696,4
12220255,1
12220842,15
12222189,1
12227077,1
12227362,1
12231110,2
12231938,1
12239872,1
12247849,4
12249063,1
12250766,4
12262988,2
12268483,2
12277515,1
12282467,1
12283610,1
12283841,1
12284279,1
12295565,1
12298407,1
12298562,1
12301016,7
12301165,1
12304488,2
12318846,1
12319294,1
12319701,1
12328128,2
12330023,1
12341213,1
12346321,1
12348843,1
12350167,1
12351036,2
12362782,11
12365870,4
12367789,1
12368388,2
12368960,1
12370202,1
12370227,1
12371372,1
12371806,1
12376098,16
12377868,2
12386211,1
12392355,2
12394365,9
12405124,5
12406920,51
12421252,1
12425650,8
12425932,9
12430408,2
12431976,1
12439000,1
12448255,1
12448454,1
12449261,1
12456720,1
12460932,1
12464601,1
12467085,1
12473537,1
12477279,3
12490521,2
12495096,7
12503114,1
12504426,1
12516698,2
12518650,12
12519700,2
12526298,1
12532251,3
12534032,1
12543463,1
12548492,4
12551225,3
12563505,2
12564727,1
12572178,1
12572961,5
12608785,1
12610736,1
12616143,3
12619107,21
12620052,2
12625679,1
12626226,1
12630780,1
12646609,2
12652305,13
12654387,1
12655705,2
12662084,1
12663275,1
12665487,1
12675030,1
12700740,21
12702922,3
12703053,1
12705053,3
12706060,1
12712333,20
12718854,2
12727667,1
12761224,13
12776039,4
12788209,1
12805683,1
12805771,1
12807409,1
12811141,1
12814689,2
12828924,2
12836467,9
12960324,1
13107523,1
13119359,1
13122392,1
13124135,1
13136947,1
13138272,9
13148247,1
13150146,34
13151417,1
13151895,6
13155971,1
13161877,1
13170755,1
13175684,1
13177190,1
13181501,1
13184195,1
13184669,1
13186453,1
13191521,1
13196064,3
13206308,1
13210121,21
13221999,3
13230381,1
13230886,1
13232841,2
13240300,1
13248190,2
13251441,3
13252832,1
13257907,1
13261305,5
13264792,1
13273697,1
13277041,2
13277183,2
13281060,1
13289166,31
13297551,26
13298248,1
13300637,2
13310830,1
13316741,12
13331455,2
13338923,1
13355643,24
13355995,1
13356964,18
13361088,1
13368612,9
13369188,294
13371219,2
13371946,16
13372515,8
13373279,1
13373466,1
13381285,1
13383879,2
13384532,10
13385233,1
13393385,1
13411997,1
13417734,1
13418012,4
13421710,2
13427915,1
13435015,1
13448599,1
13463502,3
13474907,1
13483298,3
13491321,1
13500399,1
13508722,22
13519368,4
13547712,9
13548519,2
13553547,1
13556278,2
13557824,2
13577282,5
13588156,1
13611977,3
13615995,1
13618658,3
13620615,1
13632725,1
13635481,1
13642268,8
13643510,2
13646823,100
13652061,3
13652608,1
13653224,1
13653749,1
13657817,3
13658234,18
13658741,2
13659942,2
13667897,3
13669555,1
13672040,1
13673651,1
13684054,9
13690445,1
13691932,4
13699164,1637
13717879,1
13720884,1
13737904,1
13746127,7
13757714,3
13772036,2
13772854,8
13792329,1
13795640,5
13797596,1
13844354,1
13856987,2
13874301,2
13912484,1
13922808,2
13958977,1
13969316,1
14004606,3
14008858,1
14039548,3
14064794,4
14069212,1
14075866,1
14076967,1
14102942,1
14136110,1
14140993,1
14195177,1
14195470,3
14220913,1
14265263,1
14273708,10
14276731,1
14302854,6
14327911,1
14372192,1
14376976,12
14401198,1
14419835,1
14420694,3
14568254,1
14569422,2
14748481,1
14869882,1
15054309,1
15066786,2
15084411,9
15118467,1
15150071,2
15152029,1
15248317,1
15254828,2
15497150,1
15579548,2
15634481,3
15651915,1
15957407,19
15968962,2
16161744,1
16189475,3
16357053,2
16409990,1
16534501,4
16615608,1
16776820,1
16826840,2
16895495,1
16969072,1
17068651,1
17075930,1
17103109,1
17116096,1
17453028,13
17479574,1
17598676,1
17600617,3
17678874,1
17772651,1
18080089,2
18319635,1
18426826,1
18497766,1
18838840,1
18840503,16
19085181,2
19172114,1
19234208,1
19255716,4
19341619,1
19404039,8
19430190,1
19456049,4
19522518,1
19626398,2
19687920,1
19783898,1
19859510,1
19900295,2
19937307,1
19997971,1
20173810,1
20280528,1
20317805,42
20571000,1
20739064,1
20763141,4
20985365,3
21003581,10
21059084,2
21083707,1
21126425,1
21147561,1
21273412,14
21302945,1
21450194,18
21476427,1
21485941,104
21539132,1
21545065,1
21656281,4
21680078,3
21818397,5
21952633,1
21960768,3
21973133,23
22280081,3
22307916,1
22539699,1
22576780,42
22695962,1
22868436,4
22919544,1
22932866,1
22990879,5
23041009,1
23053292,7
23171773,1
23245136,2
23296035,1
23320742,11
23478862,3
23522538,2
23645079,1
23882652,11
24211329,2
24237628,1
24272438,1
24454263,1
24570106,3
24757309,2
24942648,2
24997473,1
25458159,10
25617822,251
26007695,1
26027688,5
26182930,1
26225096,2
26325016,1
26339396,41
26378966,30
26403631,2
26436824,15
26453242,6
26679379,3
26828867,7
26851690,22
26975007,1
27035389,2
27170966,2
27175140,4
27220242,1
27563297,2
27646761,5
27708561,8
27861321,61
27947694,3
28057404,3
28062063,27
28117364,1
28125145,10
28179617,6
28223652,2
28224958,1
28528603,1
28557186,1
28767510,4
29118110,1
29140455,1
29303763,50
29328804,1
29369939,1
29498476,1
29674618,2
29753253,2
29762407,1
29940999,3
30139768,1
30204202,1
30364287,4
30382490,6
30392732,1
30398295,9
30398341,13
30402849,1
30407079,1
30419136,66
30419143,1
30422429,1
30426745,1
30436073,1
30444992,1
30449529,1
30450603,1
30456670,1
30460192,1
30468144,1
30473994,1
30475339,2
30488267,2
30492268,1
30503997,3
30506597,1
30512418,1
30513698,2
30515097,1
30518243,1
30519095,1
30522106,1
30526661,11
30532934,1
30534856,1
30537914,7
30540779,4
30544101,1
30545925,1
30548974,1
30552036,1
30554346,1
30567224,13
30571660,1
30588031,4
30590507,4
30590633,1
30595247,1
30600197,8
30601412,11
30612790,1
30646073,1
30665398,2
30667238,3
30668567,1
30669120,1
30670479,6
30678088,3
30681029,1
30686913,1
30692855,28
30701471,8
30702049,2
30708111,2
30712084,2
30721517,49
30736292,1
30740764,1
30745663,3
30758896,41
30766449,398
30767634,8
30769300,1
30775722,3
30777295,1
30779187,2
30781851,3
30805345,2
30808891,5
30814360,2
30817642,1
30818543,1
30820125,8
30841819,3
30842485,2
30845581,7
30846360,1
30855971,1
30858272,8
30862039,2
30870377,1
30872790,3
30873151,5
30875225,7
30883348,1
30886201,3
30887087,1
30887094,2
30887137,1
30894162,1
30905182,3
30905423,2
30905653,2
30905946,109
30907779,1
30910956,1
30943320,1
30946399,1
30947648,1
30953554,18
30965671,1
30973660,1
30977478,3
30981775,1
30985446,2
30988946,1
30991076,1
30992475,1
31003599,2
31009397,4
31009503,1
31009514,1
31010176,9
31014880,1
31019418,5
31024023,4
31039680,3
31049992,1
31063973,2
31072402,7
31075950,2
31078445,2
31081630,1
31090337,1
31091102,481
31094892,1
31098456,1
31116477,1
31116722,3
31129979,1
31130226,1
31137975,1
31145072,1
31152818,3
31155401,6
31156435,1
31157421,1
31160237,2
31161514,1
31161915,35
31171387,1
31173968,1
31178406,1
31183666,4
31184233,2
31188563,1
31191866,1
31191893,1
31196195,1
31203969,2
31207111,1
31216850,1
31223507,1
31226232,1
31228253,1
31234593,1
31235339,1
31244702,3
31250168,1
31250429,2
31250820,1
31259841,1
31260337,1
31269216,1
31269768,1
31274081,3
31274318,4
31274769,3
31277132,1
31282890,1
31290585,1
31290949,1
31300939,1
31302283,1
31311836,1
31317488,5
31326923,2
31344424,1
31346293,1
31347188,1
31350361,1
31358419,6
31362712,1
31366916,1
31368098,61
31368122,1
31368253,1
31368852,1
31377450,1
31385707,1
31387917,5
31397511,2
31400724,1
31404670,1
31410093,1
31417127,2
31437681,4
31441661,1
31442195,6
31442874,9
31463073,1
31477351,1
31478093,7
31528681,2
31532294,1
31535815,1
31537770,1
31538876,1
31546477,1
31547555,1
31549146,1
31549329,6
31554275,5
31573844,1
31627598,1
31632517,2
31654411,1
31658597,1
31663850,1
31669483,1
31671227,1
31676288,1
31678203,1
31688043,1
31695390,1
31729030,1
31732586,2
31736893,1
31737028,1
31741988,2
31745582,1
31757820,1
31758620,1
31760870,2
31772402,1
31773974,2
31798550,1
31799568,8
31807157,6
31809690,1
31812021,1
31829605,2
31833280,4
31841376,1
31843038,1
31856802,2
31863331,2
31864721,1
31882927,1
31885487,5
31888338,6
31893633,1
31898412,1
31899000,3
31905389,1
31908592,1
31908912,2
31911128,2
31916787,1
31919867,9
31940304,21
31940659,1
31944812,1
31949371,2
31949606,1
31952552,1
31955043,1
31959648,3
31960937,3
31964701,1
31967830,8
31982189,1
32011109,1
32026761,5
32028444,1
32035552,1
32038072,10
32039050,1
32047574,1
32050766,1
32053824,4
32061565,2
32067473,1
32076078,28
32094373,1
32098514,1
32105973,1
32128239,2
32160231,3
32160719,2
32170524,2
32176828,1
32187274,61
32201399,7
32212945,1
32228125,1
32229882,1
32236340,4
32246758,2
32248959,1
32263641,1
32264342,1
32265325,1
32266516,1
32267464,1
32294005,2
32295227,1
32301344,3
32310938,9
32311290,1
32312111,1
32319188,1
32330854,1
32337346,1
32349508,4
32364933,3
32388172,81
32391299,15
32395268,10
32396354,7
32398688,1
32406392,1
32452579,2
32464662,1
32465315,4
32479134,1
32480665,1
32483793,1
32489254,1
32496124,1
32500993,4
32518174,2
32518871,1
32522192,1
32522320,3
32523583,1
32530382,1
32534447,1
32544807,2
32545253,1
32553853,2
32564030,3
32571994,1
32601856,2
32616943,1
32624731,1
32627424,8
32651877,3
32656577,1
32668725,1
32673974,1
32674469,1
32675025,2
32675924,1
32679844,1
32693974,3
32728203,1
32736783,1
32739047,22
32746908,1
32774173,1
32777202,1
32778051,3
32785925,1
32790076,1
32790762,5
32793029,3
32799098,4
32804297,5
32808428,7
32830054,2
32840896,1
32843626,6
32853190,2
32860595,1
32863930,1
32882002,1
32887850,1
32900802,1
32902002,19
32915838,1
32916120,1
32917012,1
32919718,1
32928551,5
32934527,4
32935444,1
32936105,1
32942455,1
32956401,1
32959616,2
32969879,1
32970960,2
32980062,2
32988366,1
33002456,1
33003606,2
33006137,4
33013645,1
33019145,1
33036204,1
33046613,1
33048181,1
33064056,4
33067218,2
33067842,1
33079128,1
33079768,1
33083593,4
33087467,1
33091514,1
33104852,1
33107904,1
33116749,2
33120803,1
33131616,3
33133959,5
33167524,1
33173127,1
33186537,133
33193779,1
33214946,1
33229133,1
33236153,3
33243521,2
33259720,9
33262131,1
33277443,10
33287448,17
33302853,9
33304063,1
33312074,2
33322390,3
33334615,1
33336527,2
33337568,1
33344235,23
33365094,5
33365350,37
33374068,112
33381736,5
33381936,1
33382315,1
33397567,1
33402041,439
33404131,5
33405693,1
33414595,1
33427365,1
33446648,1
33447878,1
33456842,1
33460513,1
33467569,8
33468135,4
33498446,1
33508586,3
33512219,1
33513964,1
33520531,8
33536211,1
33537469,1
33540496,1
33551201,14
33552919,1
33564939,1
33567455,1
33573592,1
33573600,2
33576159,1
33583874,2
33590679,1
33593371,2
33596690,1
33596959,3
33597109,1
33602830,4
33616203,10
33618395,9
33619640,1
33623248,4
33634555,3
33634602,1
33642734,7
33647452,1
33648287,41
33649629,1
33650718,1
33655453,13
33668352,1
33670407,8
33674095,35
33674955,2
33677704,1
33681919,7
33691662,1
33698821,23
33717572,25
33729121,1
33737149,2
33752027,1
33761260,1
33763445,11
33793641,3
33822638,1
33826309,3
33830375,2
33838797,1
33845342,2
33850921,1
33854162,1
33859218,4
33861181,2
33861906,5
33865792,1
33881305,1
33882889,3
33887579,4
33887840,4
33903656,2
33907606,1
33909121,2
33929929,1
33932055,6
33934692,1
33939688,1
33954134,2
33954722,33
33962456,2
33967923,1
33968158,5
33970515,1
33977424,2
33978801,2
33991604,3
33992258,2
34007030,1
34009208,1
34017392,2
34019381,2
34028559,1
34032422,1
34040413,9
34056267,1
34088187,1
34093162,1
34098590,1
34101661,1
34124239,1
34128810,2
34134499,1
34154809,1
34162848,47
34191387,2
34193949,1
34206541,1
34209949,1
34211107,2
34212184,5
34213782,5
34218376,1
34219047,1
34226832,3
34240456,2
34241373,1
34244596,2
34245825,10
34254579,1
34265662,7
34270252,2
34271013,4
34290170,1
34295646,2
34296430,1
34304141,5
34304616,8
34315793,1
34335609,2
34336384,1
34337224,1
34337225,1
34364701,1
34375550,1
34379135,1
34385003,1
34389958,1
34394806,3
34396210,1
34400679,1
34416915,1
34419817,1
34419922,3
34425167,6
34425759,2
34426070,1
34429418,2
34443897,3
34447231,1
34447837,2
34473455,1
34482219,2
34487924,1
34488493,1
34489350,1
34540346,1
34540456,1
34565600,2
34573302,16
34588137,1
34592970,1
34621934,1
34623302,1
34630935,5
34632538,2
34639554,1
34640741,1
34663893,1
34670870,1
34672914,1
34695714,1
34707930,4
34715434,3
34718766,1
34720369,113
34740699,1
34757224,1
34762079,1
34764219,6
34767572,3
34772766,1
34773358,1
34779933,1
34780869,1
34792892,1
34803996,1
34809894,1
34812681,13
34821104,1
34833954,1
34835740,1
34836252,3
34847666,3
34853512,15
34855967,21
34858910,2
34863284,1
34885187,1
34889776,8
34897594,1
34901150,1
34908799,1
34915204,3
34916732,6
34919427,8
34932861,1
34934451,3
34945270,4
34947805,1
34975947,2
34988156,1
34993982,13
35010509,1
35012090,1
35036859,1
35042574,2
35044032,1
35051289,2
35051534,31
35064582,1
35065191,2
35067161,1
35074020,1
35082575,1
35083305,1
35089732,1
35089824,6
35093151,3
35093573,2
35095642,86
35097964,2
35109582,1
35112901,1
35117703,3
35119653,47
35144305,2
35150010,2
35151817,3
35155718,2
35166962,1
35168571,1
35179094,1
35182554,4
35184973,1
35196433,1
35203052,1
35229319,1
35231776,1
35239275,3
35249054,1
35251357,2
35253366,1
35255010,2
35264746,1
35281743,7
35282112,4
35294914,1
35300663,3
35328997,10
35335415,2
35339142,2
35339275,2
35342606,1
35356643,4
35372907,3
35373638,1
35375553,3
35378579,1
35383732,1
35386358,11
35396103,4
35397588,1
35400843,3
35402015,2
35407264,1
35408716,1
35414684,7
35424311,2
35426272,1
35441194,2
35445745,4
35445943,1
35456100,7
35456854,4
35479990,1
35484523,1
35491314,2
35512768,1
35528491,1
35533480,1
35538998,2
35545316,1
35548369,2
35556081,1
35557045,1
35565278,1
35570178,24
35572235,1
35578271,1
35579163,1
35588458,1
35601123,36
35617218,15
35628172,1
35642982,216
35656757,25
35666029,16
35668431,1
35674313,2
35682043,1
35687242,1
35693016,12
35704260,1
35707700,2
35712566,1
35718852,2
35719985,1
35729103,2
35752372,1
35774820,2
35781122,2
35786788,1
35796044,1
35810208,1
35814774,2
35821999,1
35837605,1
35866997,1
35890899,1
35893715,1
35898899,1
35903972,1
35914065,2
35927151,1
35932493,1
35943182,1
35948745,3
35961888,4
35964690,1
35969488,1
35983068,1
35999609,2
36022436,35
36023941,1
36031494,6
36058165,11
36061100,1
36070297,2
36075200,2
36083117,12
36085410,1
36085467,1
36087341,1
36090483,1
36115525,1
36129117,9
36136099,1
36136866,1
36157829,1
36159372,1
36162237,6
36181402,1
36182854,1
36187114,1
36188730,1
36189448,1
36190402,1
36190844,1
36191331,5
36197831,1
36200592,24
36204422,4
36214079,1
36215451,4
36222699,1
36231160,2
36247271,2
36248297,1
36250572,15
36251349,1
36253151,1
36270081,2
36272654,1
36273306,2
36274102,1
36278125,3
36292795,1
36313424,1
36319685,2
36320753,7
36332320,1
36333921,3
36354871,1
36378953,1
36384936,4
36394096,1
36396189,2
36397039,10
36410010,2
36412691,2
36414831,1
36419004,1
36419017,5
36420521,2
36423341,1
36431685,1
36432668,1
36446876,2
36449177,1
36450481,1
36453093,1
36460038,1
36481094,2
36485824,2
36490401,4
36492513,18
36497536,1
36500351,1
36507817,11
36508126,1
36510104,1
36520601,12
36520700,1
36523827,1
36527688,1
36538324,1
36542819,4
36551635,2
36552383,4
36564484,4
36567005,4
36582393,3
36587390,1
36599663,1
36605725,1
36607827,1
36615987,1
36638806,1
36641593,1
36644312,2
36659924,1
36665257,13
36667389,1
36676937,5
36679077,1
36686189,10
36687294,3
36690244,4
36697940,1
36697981,9
36699571,1
36703299,4
36704555,35
36708546,1
36709074,1
36717166,1
36718921,3
36730109,21
36739358,2
36739454,1
36742216,1
36748689,8
36753353,1
36754478,2
36761567,1
36765271,1
36765367,1
36771412,3
36798296,1
36801203,4
36807439,1
36811006,1
36814270,2
36818223,1
36821926,1
36822390,43
36825985,1
36829300,1
36830010,1
36850385,2
36870099,1
36873015,1
36887294,7
36893183,2
36896722,5
36897448,3
36904609,1
36910342,1
36913548,2
36921555,11
36922550,2
36923795,1
36945931,1
36957155,1
36966265,2
36967750,1
36970179,1
37035663,2
37048168,1
37054625,2
37059970,1
37067251,4
37079073,2
37082717,2
37095900,4
37100316,1
37106652,1
37108724,1
37115136,1
37116122,16
37119986,2
37120781,12
37124675,1
37145748,2
37148589,1
37164752,7
37176247,1
37177776,5
37214553,1
37216084,41
37218440,5
37222878,2
37228282,9
37241597,2
37251303,19
37254215,1
37257908,1
37269530,1
37271946,49
37274926,1
37277831,1
37315971,5
37316642,4
37317122,1
37323322,1
37333302,1
37334274,1
37340212,1
37343729,4
37346096,2
37346315,2
37348820,4
37350359,1
37354505,4
37386569,1
37388852,1
37390208,4
37394483,3
37400687,4
37403201,1
37427180,5
37428908,3
37439795,1
37448800,1
37455058,3
37469943,5
37470136,1
37477308,1
37480208,1
37502691,1
37504266,1
37513263,4
37515245,1
37534574,1
37548025,3
37550760,1
37556614,2
37558493,1
37564031,1
37564159,3
37564990,1
37566504,3
37568722,6
37574882,3
37577409,1
37593505,1
37595827,2
37596601,1
37615549,1
37620333,1
37621344,3
37624953,3
37636423,1
37637269,1
37640245,3
37676835,2
37680403,2
37680890,1
37699435,1
37702023,2
37710593,13
37715321,1
37722640,8
37723122,21
37730581,2
37733364,1
37735873,1
37736221,1
37736264,30
37742354,1
37744192,2
37752144,4
37752574,1
37753393,2
37757303,4
37757809,4
37768568,2
37774005,2
37775000,1
37776829,1
37778290,2
37778961,5
37786368,1
37799350,1
37809413,5
37815708,2
37818488,2
37845817,1
37855276,15
37856317,1
37861652,2
37890104,1
37892063,18
37903431,1
37906301,1
37906437,19
37906568,1
37913786,8
37916292,1
37916441,1
37923810,15
37943716,13
37948382,1
37948746,4
37952933,1
37958466,2
37965740,3
37968905,2
37971977,1
37988658,1
37997370,4
38000544,3
38012929,1
38014311,8
38016239,1
38017475,1
38044410,3
38057594,4
38064183,1
38068894,1
38070288,1
38071714,1
38091008,4
38093920,1
38096517,1
38098727,2
38101914,1
38102399,3
38107777,1
38120640,2
38124584,1
38128202,1
38136264,1
38142672,9
38144887,3
38147447,62
38147828,1
38159753,4
38166381,1
38169055,3
38172517,1
38174967,1
38183713,1
38198116,9
38210834,1
38213770,1
38214584,1
38223619,1
38225896,1
38229447,1
38236851,2
38242812,1
38252103,1
38272152,1
38272759,1
38278913,1
38293177,1
38310650,1
38314115,1
38318254,9
38320045,1
38321023,1
38322064,2
38333731,7
38340298,1
38340655,5
38343104,2
38348166,2
38351954,1
38353607,2
38360581,1
38367429,1
38367773,1
38371316,1
38376393,1
38385951,1
38390193,1
38395279,1
38397250,2
38398252,11
38413905,33
38414769,1
38417880,3
38419767,1
38427489,1
38440500,1
38442903,3
38447363,15
38471436,3
38475868,22
38480615,1
38493278,1
38494197,1
38498378,1
38506785,1
38509500,1
38518920,2
38520400,5
38521426,2
38535527,1
38540809,1
38570518,1
38605895,1
38608452,1
38639786,1
38642040,21
38643114,1
38647293,5
38656638,1
38661114,1
38677298,1
38683556,3
38683830,1
38694616,1
38694971,1
38696150,1
38705070,2
38728517,5
38738519,1
38746016,12
38748589,16
38750650,1
38755485,1
38755848,5
38777383,4
38790132,1
38793728,1
38794522,1
38807815,7
38818952,1
38834503,22
38846119,1
38851968,9
38858631,2
38870094,3
38883184,1
38891034,1
38904801,3
38905613,3
38916122,2
38939486,1
38941661,3
38943141,1
38943975,4
38959386,1
38960708,2
38961221,1
38965249,1
38978276,1
38980006,2
38981331,1
38996036,9
39000090,2
39002940,1
39007506,1
39026747,1
39030086,4
39032258,1
39043634,1
39052713,1
39054140,1
39055657,1
39068247,4
39091408,2
39099385,1
39103330,2
39109621,1
39109734,1
39122879,3
39125663,1
39127334,1
39128441,1
39137877,6
39139587,1
39140612,4
39141147,1
39143131,4
39146313,1
39150420,1
39165217,1
39166367,1
39168189,1
39168832,8
39170685,1
39186980,11
39252399,1
39252735,84
39265397,1
39289474,1
39308826,1
39339405,16
39342428,2
39350152,1
39357457,2
39368889,1
39380571,3
39381233,14
39392967,1
39402727,1
39419154,3
39440808,4
39443003,2
39444277,1
39469465,1
39506632,1
39514361,2
39522023,1
39536136,3
39547465,1
39562946,3
39593415,1
39609056,8
39609341,4
39610712,1
39618789,1
39633498,1
39651810,1
39668551,2
39670848,1
39680754,1
39701818,5
39738321,22
39754698,5
39761641,3
39762267,13
39763264,34
39779882,1
39786314,65
39786400,2
39795299,4
39800975,1
39802008,4
39806425,2
39813602,10
39816730,83
39819179,1
39824369,2
39837701,4
39856615,1
39868536,1
39868778,1
39873972,1
39881567,5
39881724,2
39882662,14
39888863,1
39891026,2
39903413,1
39909950,5
39921549,2
39934445,1
39941267,2
39947059,1
39964837,2
39979244,1
39984102,63
39992552,2
40026957,1
40056671,2
40070968,15
40072297,77
40083483,1
40087598,4
40087810,8
40094194,2
40102645,3
40112837,1
40132139,3
40148018,2
40148566,1
40162731,1
40192336,1
40200394,1
40213573,1
40219033,1
40221283,2
40229177,6
40234156,2
40236677,1
40238593,1
40239554,1
40243190,1
40246200,1
40247441,1
40251852,36
40259979,1
40269454,1
40280052,1
40284633,1
40296537,4
40326822,2
40346727,2
40348857,2
40353183,3
40377872,12
40379327,1
40381485,6
40383711,1
40420431,2
40428077,11
40432897,2
40450765,6
40457704,1
40458568,2
40466955,6
40475148,2
40504426,1
40509301,5
40510766,2
40514898,1
40542692,6
40545388,1
40569720,1
40580343,2
40581562,4
40607670,1
40623417,6
40626239,5
40632646,7
40636662,4
40638428,1
40645817,1
40672734,1
40686044,1
40689067,1
40721739,1
40734653,1
40744550,1
40755728,1
40759341,1
40790228,1
40850952,1
40867897,1
40873083,7
40879812,1
40881080,4
40896592,1
40904811,1
40915293,1
40916186,4
40951626,3
40952767,29
40964199,2
40973694,1
40976538,1
41001030,3
41006694,100
41025770,8
41030627,1
41038441,1
41045295,2
41055221,4
41058619,65
41062106,2
41064481,1
41064771,9
41080703,1
41101926,25
41105347,1
41106527,1
41126687,1
41143690,1
41150399,1
41154750,17
41155556,5
41173855,3
41175902,1
41217047,7
41221294,4
41228364,1
41248435,1
41276649,1
41287056,1
41293241,1
41311247,2
41320793,2
41322127,4
41338899,2
41340116,2
41346304,1
41350409,1
41365556,2
41366882,2
41376001,1
41384224,4
41397789,1
41408612,1
41416802,4
41419457,1
41439972,1
41446906,9
41454436,1
41458236,4
41458895,4
41480914,1
41482606,2
41482711,1
41523874,1
41546243,2
41550444,5
41648025,13
43297943,17
45588175,2
46412976,1
47124278,2
47596708,1
47622467,1
47703554,1
47823672,5
47824882,1
47947785,1
48953324,1
49389365,1
49589931,2
49773054,1
49890521,1
50004771,1
50254641,1
50325795,1
50555141,1
